Simulation,Scen 1 Ratio of EVs,SAVEPER,Scen 2 New industry establishment NIE,Scen 3 New houses,Scen 3 ratio New houses DHP user,Scen 4 Goal ratio DHP users apartment buildings,Scen 4 Goal ratio DHP users small houses,Scen 5 Large solar panel projects,Scen 6 Large wind mill projects,T0 CGP use of wastes,T1 CGP use of wastes,T2 CGP use of wastes,T3 CGP use of wastes,T4 CGP use of wastes,T5 CGP use of wastes,T6 CGP use of wastes,T7 CGP use of wastes,T8 CGP use of wastes,T9 CGP use of wastes,T10 CGP use of wastes,T0 electic energy import,T1 electic energy import,T2 electic energy import,T3 electic energy import,T4 electic energy import,T5 electic energy import,T6 electic energy import,T7 electic energy import,T8 electic energy import,T9 electic energy import,T10 electic energy import,T0 bio fuels biodrivmedel,T1 bio fuels biodrivmedel,T2 bio fuels biodrivmedel,T3 bio fuels biodrivmedel,T4 bio fuels biodrivmedel,T5 bio fuels biodrivmedel,T6 bio fuels biodrivmedel,T7 bio fuels biodrivmedel,T8 bio fuels biodrivmedel,T9 bio fuels biodrivmedel,T10 bio fuels biodrivmedel,T0 Bio gas,T1 Bio gas,T2 Bio gas,T3 Bio gas,T4 Bio gas,T5 Bio gas,T6 Bio gas,T7 Bio gas,T8 Bio gas,T9 Bio gas,T10 Bio gas,T0 CGP internal losses,T1 CGP internal losses,T2 CGP internal losses,T3 CGP internal losses,T4 CGP internal losses,T5 CGP internal losses,T6 CGP internal losses,T7 CGP internal losses,T8 CGP internal losses,T9 CGP internal losses,T10 CGP internal losses,T0 CGP output excl Electric production,T1 CGP output excl Electric production,T2 CGP output excl Electric production,T3 CGP output excl Electric production,T4 CGP output excl Electric production,T5 CGP output excl Electric production,T6 CGP output excl Electric production,T7 CGP output excl Electric production,T8 CGP output excl Electric production,T9 CGP output excl Electric production,T10 CGP output excl Electric production,T0 CGP total energy output to users,T1 CGP total energy output to users,T2 CGP total energy output to users,T3 CGP total energy output to users,T4 CGP total energy output to users,T5 CGP total energy output to users,T6 CGP total energy output to users,T7 CGP total energy output to users,T8 CGP total energy output to users,T9 CGP total energy output to users,T10 CGP total energy output to users,T0 DHP homes,T1 DHP homes,T2 DHP homes,T3 DHP homes,T4 DHP homes,T5 DHP homes,T6 DHP homes,T7 DHP homes,T8 DHP homes,T9 DHP homes,T10 DHP homes,T0 DHP internal losses,T1 DHP internal losses,T2 DHP internal losses,T3 DHP internal losses,T4 DHP internal losses,T5 DHP internal losses,T6 DHP internal losses,T7 DHP internal losses,T8 DHP internal losses,T9 DHP internal losses,T10 DHP internal losses,T0 DHP output,T1 DHP output,T2 DHP output,T3 DHP output,T4 DHP output,T5 DHP output,T6 DHP output,T7 DHP output,T8 DHP output,T9 DHP output,T10 DHP output,T0 DHP sum input energy,T1 DHP sum input energy,T2 DHP sum input energy,T3 DHP sum input energy,T4 DHP sum input energy,T5 DHP sum input energy,T6 DHP sum input energy,T7 DHP sum input energy,T8 DHP sum input energy,T9 DHP sum input energy,T10 DHP sum input energy,T0 distribution losses,T1 distribution losses,T2 distribution losses,T3 distribution losses,T4 distribution losses,T5 distribution losses,T6 distribution losses,T7 distribution losses,T8 distribution losses,T9 distribution losses,T10 distribution losses,T0 distribution losses CGP,T1 distribution losses CGP,T2 distribution losses CGP,T3 distribution losses CGP,T4 distribution losses CGP,T5 distribution losses CGP,T6 distribution losses CGP,T7 distribution losses CGP,T8 distribution losses CGP,T9 distribution losses CGP,T10 distribution losses CGP,T0 distribution losses DHP,T1 distribution losses DHP,T2 distribution losses DHP,T3 distribution losses DHP,T4 distribution losses DHP,T5 distribution losses DHP,T6 distribution losses DHP,T7 distribution losses DHP,T8 distribution losses DHP,T9 distribution losses DHP,T10 distribution losses DHP,T0 distribution losses from EEP,T1 distribution losses from EEP,T2 distribution losses from EEP,T3 distribution losses from EEP,T4 distribution losses from EEP,T5 distribution losses from EEP,T6 distribution losses from EEP,T7 distribution losses from EEP,T8 distribution losses from EEP,T9 distribution losses from EEP,T10 distribution losses from EEP,T0 electric energy solar,T1 electric energy solar,T2 electric energy solar,T3 electric energy solar,T4 electric energy solar,T5 electric energy solar,T6 electric energy solar,T7 electric energy solar,T8 electric energy solar,T9 electric energy solar,T10 electric energy solar,T0 electric energy water,T1 electric energy water,T2 electric energy water,T3 electric energy water,T4 electric energy water,T5 electric energy water,T6 electric energy water,T7 electric energy water,T8 electric energy water,T9 electric energy water,T10 electric energy water,T0 electric energy wind,T1 electric energy wind,T2 electric energy wind,T3 electric energy wind,T4 electric energy wind,T5 electric energy wind,T6 electric energy wind,T7 electric energy wind,T8 electric energy wind,T9 electric energy wind,T10 electric energy wind,T0 electricity apartment buildings,T1 electricity apartment buildings,T2 electricity apartment buildings,T3 electricity apartment buildings,T4 electricity apartment buildings,T5 electricity apartment buildings,T6 electricity apartment buildings,T7 electricity apartment buildings,T8 electricity apartment buildings,T9 electricity apartment buildings,T10 electricity apartment buildings,T0 electricity homes,T1 electricity homes,T2 electricity homes,T3 electricity homes,T4 electricity homes,T5 electricity homes,T6 electricity homes,T7 electricity homes,T8 electricity homes,T9 electricity homes,T10 electricity homes,T0 electricity Industry,T1 electricity Industry,T2 electricity Industry,T3 electricity Industry,T4 electricity Industry,T5 electricity Industry,T6 electricity Industry,T7 electricity Industry,T8 electricity Industry,T9 electricity Industry,T10 electricity Industry,T0 electricity small houses,T1 electricity small houses,T2 electricity small houses,T3 electricity small houses,T4 electricity small houses,T5 electricity small houses,T6 electricity small houses,T7 electricity small houses,T8 electricity small houses,T9 electricity small houses,T10 electricity small houses,T0 electricity Transports,T1 electricity Transports,T2 electricity Transports,T3 electricity Transports,T4 electricity Transports,T5 electricity Transports,T6 electricity Transports,T7 electricity Transports,T8 electricity Transports,T9 electricity Transports,T10 electricity Transports,T0 oil homes,T1 oil homes,T2 oil homes,T3 oil homes,T4 oil homes,T5 oil homes,T6 oil homes,T7 oil homes,T8 oil homes,T9 oil homes,T10 oil homes,T0 Oil products,T1 Oil products,T2 Oil products,T3 Oil products,T4 Oil products,T5 Oil products,T6 Oil products,T7 Oil products,T8 Oil products,T9 Oil products,T10 Oil products,T0 oil transports,T1 oil transports,T2 oil transports,T3 oil transports,T4 oil transports,T5 oil transports,T6 oil transports,T7 oil transports,T8 oil transports,T9 oil transports,T10 oil transports,T0 sum bio fuels green,T1 sum bio fuels green,T2 sum bio fuels green,T3 sum bio fuels green,T4 sum bio fuels green,T5 sum bio fuels green,T6 sum bio fuels green,T7 sum bio fuels green,T8 sum bio fuels green,T9 sum bio fuels green,T10 sum bio fuels green,T0 sum electric energy production EEP,T1 sum electric energy production EEP,T2 sum electric energy production EEP,T3 sum electric energy production EEP,T4 sum electric energy production EEP,T5 sum electric energy production EEP,T6 sum electric energy production EEP,T7 sum electric energy production EEP,T8 sum electric energy production EEP,T9 sum electric energy production EEP,T10 sum electric energy production EEP,T0 sum energy production,T1 sum energy production,T2 sum energy production,T3 sum energy production,T4 sum energy production,T5 sum energy production,T6 sum energy production,T7 sum energy production,T8 sum energy production,T9 sum energy production,T10 sum energy production,T0 sum energy usage,T1 sum energy usage,T2 sum energy usage,T3 sum energy usage,T4 sum energy usage,T5 sum energy usage,T6 sum energy usage,T7 sum energy usage,T8 sum energy usage,T9 sum energy usage,T10 sum energy usage,T0 sum energy use Agriculture and forrestry,T1 sum energy use Agriculture and forrestry,T2 sum energy use Agriculture and forrestry,T3 sum energy use Agriculture and forrestry,T4 sum energy use Agriculture and forrestry,T5 sum energy use Agriculture and forrestry,T6 sum energy use Agriculture and forrestry,T7 sum energy use Agriculture and forrestry,T8 sum energy use Agriculture and forrestry,T9 sum energy use Agriculture and forrestry,T10 sum energy use Agriculture and forrestry,T0 sum energy use homes,T1 sum energy use homes,T2 sum energy use homes,T3 sum energy use homes,T4 sum energy use homes,T5 sum energy use homes,T6 sum energy use homes,T7 sum energy use homes,T8 sum energy use homes,T9 sum energy use homes,T10 sum energy use homes,T0 sum energy use Industry,T1 sum energy use Industry,T2 sum energy use Industry,T3 sum energy use Industry,T4 sum energy use Industry,T5 sum energy use Industry,T6 sum energy use Industry,T7 sum energy use Industry,T8 sum energy use Industry,T9 sum energy use Industry,T10 sum energy use Industry,T0 sum energy use others,T1 sum energy use others,T2 sum energy use others,T3 sum energy use others,T4 sum energy use others,T5 sum energy use others,T6 sum energy use others,T7 sum energy use others,T8 sum energy use others,T9 sum energy use others,T10 sum energy use others,T0 sum energy use Public,T1 sum energy use Public,T2 sum energy use Public,T3 sum energy use Public,T4 sum energy use Public,T5 sum energy use Public,T6 sum energy use Public,T7 sum energy use Public,T8 sum energy use Public,T9 sum energy use Public,T10 sum energy use Public,T0 sum energy use Transports,T1 sum energy use Transports,T2 sum energy use Transports,T3 sum energy use Transports,T4 sum energy use Transports,T5 sum energy use Transports,T6 sum energy use Transports,T7 sum energy use Transports,T8 sum energy use Transports,T9 sum energy use Transports,T10 sum energy use Transports
1,0,12,0,0,1,1,0.300000012,0,0,466.988,466.988,466.988,466.988,466.988,466.988,466.988,466.988,466.988,466.988,466.988,358.00648,370.6719375,370.6064192,370.5475724,370.4944274,370.4461936,370.4022204,370.3619671,370.3249807,370.290879,370.2593373,64.45995,64.45995,64.45995,64.45995,64.45995,64.45995,64.45995,64.45995,64.45995,64.45995,64.45995,0,0,0,0,0,0,0,0,0,0,0,22.441,22.441,22.441,22.441,22.441,22.441,22.441,22.441,22.441,22.441,22.441,442.8,442.8,442.8,442.8,442.8,442.8,442.8,442.8,442.8,442.8,442.8,393.476,393.476,393.476,393.476,393.476,393.476,393.476,393.476,393.476,393.476,393.476,137,137,137,137,137,137,137,137,137,137,137,0,0,0,0,0,0,0,0,0,0,0,0,0,0,0,0,0,0,0,0,0,0,0,0,0,0,0,0,0,0,0,0,0,95.43248,96.39154852,96.38658727,96.3821312,96.37810689,96.37445448,96.37112469,96.36807658,96.36527585,96.36269357,96.36030512,59.8,59.8,59.8,59.8,59.8,59.8,59.8,59.8,59.8,59.8,59.8,0,0,0,0,0,0,0,0,0,0,0,35.63248,36.59154852,36.58658727,36.5821312,36.57810689,36.57445448,36.57112469,36.56807658,36.56527585,36.56269357,36.56030512,7.486,7.486,7.486,7.486,7.486,7.486,7.486,7.486,7.486,7.486,7.486,5.082,5.082,5.082,5.082,5.082,5.082,5.082,5.082,5.082,5.082,5.082,89.512,89.512,89.512,89.512,89.512,89.512,89.512,89.512,89.512,89.512,89.512,18.3103928,18.3103928,18.3103928,18.3103928,18.3103928,18.3103928,18.3103928,18.3103928,18.3103928,18.3103928,18.3103928,125.8513728,125.8513728,125.8513728,125.8513728,125.8513728,125.8513728,125.8513728,125.8513728,125.8513728,125.8513728,125.8513728,126.704,126.704,126.704,126.704,126.704,126.704,126.704,126.704,126.704,126.704,126.704,98.18898002,98.18898002,98.18898002,98.18898002,98.18898002,98.18898002,98.18898002,98.18898002,98.18898002,98.18898002,98.18898002,1.264554878,1.196862638,1.136426054,1.08213782,1.033105051,0.988599781,0.948022562,0.910875303,0.876740713,0.845266558,0.816153457,0.086,0.086,0.086,0.086,0.086,0.086,0.086,0.086,0.086,0.086,0.086,338.9282257,339.2666869,339.5688698,339.840311,340.0854748,340.3080012,340.5108873,340.6966235,340.8672965,341.0246673,341.1702328,292.9112257,293.2496869,293.5518698,293.823311,294.0684748,294.2910012,294.4938873,294.6796235,294.8502965,295.0076673,295.1532328,43.10705,43.10705,43.10705,43.10705,43.10705,43.10705,43.10705,43.10705,43.10705,43.10705,43.10705,470.56248,483.2279375,483.1624192,483.1035724,483.0504274,483.0021936,482.9582204,482.9179671,482.8809807,482.846879,482.8153373,1384.045706,1397.049624,1397.286289,1397.498883,1397.690902,1397.865195,1398.024108,1398.169591,1398.303277,1398.426546,1398.54057,1302.746583,1303.976421,1304.213206,1304.425903,1304.61801,1304.792378,1304.951357,1305.096898,1305.230636,1305.35395,1305.468014,63.006,63.006,63.006,63.006,63.006,63.006,63.006,63.006,63.006,63.006,63.006,300.5003728,300.5003728,300.5003728,300.5003728,300.5003728,300.5003728,300.5003728,300.5003728,300.5003728,300.5003728,300.5003728,240.209,240.209,240.209,240.209,240.209,240.209,240.209,240.209,240.209,240.209,240.209,153.3,153.3,153.3,153.3,153.3,153.3,153.3,153.3,153.3,153.3,153.3,108.57,108.57,108.57,108.57,108.57,108.57,108.57,108.57,108.57,108.57,108.57,342.0837806,342.3545495,342.5962959,342.8134488,343.0095799,343.1876009,343.3499098,343.4984989,343.6350372,343.7609338,343.8773862
2,0.05,12,0,0,1,1,0.300000012,0,0,466.988,466.988,466.988,466.988,466.988,466.988,466.988,466.988,466.988,466.988,466.988,358.00648,370.859733,370.979928,371.1011029,371.2219027,371.3409889,371.4570981,371.5690934,371.6760052,371.777058,371.8716819,64.45995,64.45995,64.45995,64.45995,64.45995,64.45995,64.45995,64.45995,64.45995,64.45995,64.45995,0,0,0,0,0,0,0,0,0,0,0,22.441,22.441,22.441,22.441,22.441,22.441,22.441,22.441,22.441,22.441,22.441,442.8,442.8,442.8,442.8,442.8,442.8,442.8,442.8,442.8,442.8,442.8,393.476,393.476,393.476,393.476,393.476,393.476,393.476,393.476,393.476,393.476,393.476,137,137,137,137,137,137,137,137,137,137,137,0,0,0,0,0,0,0,0,0,0,0,0,0,0,0,0,0,0,0,0,0,0,0,0,0,0,0,0,0,0,0,0,0,95.43248,96.40576899,96.41487053,96.42404628,96.43319363,96.44221121,96.45100336,96.459484,96.4675797,96.47523174,96.48239696,59.8,59.8,59.8,59.8,59.8,59.8,59.8,59.8,59.8,59.8,59.8,0,0,0,0,0,0,0,0,0,0,0,35.63248,36.60576899,36.61487053,36.62404628,36.63319363,36.64221121,36.65100336,36.659484,36.6675797,36.67523174,36.68239696,7.486,7.486,7.486,7.486,7.486,7.486,7.486,7.486,7.486,7.486,7.486,5.082,5.082,5.082,5.082,5.082,5.082,5.082,5.082,5.082,5.082,5.082,89.512,89.512,89.512,89.512,89.512,89.512,89.512,89.512,89.512,89.512,89.512,18.3103928,18.3103928,18.3103928,18.3103928,18.3103928,18.3103928,18.3103928,18.3103928,18.3103928,18.3103928,18.3103928,125.8513728,125.8513728,125.8513728,125.8513728,125.8513728,125.8513728,125.8513728,125.8513728,125.8513728,125.8513728,125.8513728,126.704,126.704,126.704,126.704,126.704,126.704,126.704,126.704,126.704,126.704,126.704,98.18898002,98.18898002,98.18898002,98.18898002,98.18898002,98.18898002,98.18898002,98.18898002,98.18898002,98.18898002,98.18898002,1.264554878,1.373578949,1.484699821,1.596704037,1.708338923,1.818368109,1.925625525,2.029062977,2.127787356,2.221085065,2.308432967,0.086,0.086,0.086,0.086,0.086,0.086,0.086,0.086,0.086,0.086,0.086,338.9282257,338.3831054,337.827501,337.2674799,336.7093055,336.1591596,335.6228725,335.1056853,334.6120634,334.1455748,333.7088353,292.9112257,292.3661054,291.810501,291.2504799,290.6923055,290.1421596,289.6058725,289.0886853,288.5950634,288.1285748,287.6918353,43.10705,43.10705,43.10705,43.10705,43.10705,43.10705,43.10705,43.10705,43.10705,43.10705,43.10705,470.56248,483.415733,483.535928,483.6571029,483.7779027,483.8969889,484.0130981,484.1250934,484.2320052,484.333058,484.4276819,1384.045706,1396.353838,1395.918429,1395.479583,1395.042208,1394.611149,1394.190971,1393.785779,1393.399069,1393.033633,1392.691517,1302.746583,1303.283776,1302.848394,1302.409553,1301.972161,1301.541062,1301.120824,1300.715555,1300.328753,1299.963214,1299.620988,63.006,63.006,63.006,63.006,63.006,63.006,63.006,63.006,63.006,63.006,63.006,300.5003728,300.5003728,300.5003728,300.5003728,300.5003728,300.5003728,300.5003728,300.5003728,300.5003728,300.5003728,300.5003728,240.209,240.209,240.209,240.209,240.209,240.209,240.209,240.209,240.209,240.209,240.209,153.3,153.3,153.3,153.3,153.3,153.3,153.3,153.3,153.3,153.3,153.3,108.57,108.57,108.57,108.57,108.57,108.57,108.57,108.57,108.57,108.57,108.57,342.0837806,341.6476843,341.2032008,340.755184,340.3086444,339.8685277,339.439498,339.0257482,338.6308507,338.2576599,337.9082683
3,0.1,12,0,0,1,1,0.300000012,0,0,466.988,466.988,466.988,466.988,466.988,466.988,466.988,466.988,466.988,466.988,466.988,358.00648,371.0755476,371.4667021,371.9043409,372.3746211,372.8585545,373.3348341,373.783454,374.1888823,374.5417908,374.8390909,64.45995,64.45995,64.45995,64.45995,64.45995,64.45995,64.45995,64.45995,64.45995,64.45995,64.45995,0,0,0,0,0,0,0,0,0,0,0,22.441,22.441,22.441,22.441,22.441,22.441,22.441,22.441,22.441,22.441,22.441,442.8,442.8,442.8,442.8,442.8,442.8,442.8,442.8,442.8,442.8,442.8,393.476,393.476,393.476,393.476,393.476,393.476,393.476,393.476,393.476,393.476,393.476,137,137,137,137,137,137,137,137,137,137,137,0,0,0,0,0,0,0,0,0,0,0,0,0,0,0,0,0,0,0,0,0,0,0,0,0,0,0,0,0,0,0,0,0,95.43248,96.42211115,96.45173061,96.48487,96.52048111,96.55712608,96.59319147,96.6271624,96.65786271,96.68458606,96.70709856,59.8,59.8,59.8,59.8,59.8,59.8,59.8,59.8,59.8,59.8,59.8,0,0,0,0,0,0,0,0,0,0,0,35.63248,36.62211115,36.65173061,36.68487,36.72048111,36.75712608,36.79319147,36.8271624,36.85786271,36.88458606,36.90709856,7.486,7.486,7.486,7.486,7.486,7.486,7.486,7.486,7.486,7.486,7.486,5.082,5.082,5.082,5.082,5.082,5.082,5.082,5.082,5.082,5.082,5.082,89.512,89.512,89.512,89.512,89.512,89.512,89.512,89.512,89.512,89.512,89.512,18.3103928,18.3103928,18.3103928,18.3103928,18.3103928,18.3103928,18.3103928,18.3103928,18.3103928,18.3103928,18.3103928,125.8513728,125.8513728,125.8513728,125.8513728,125.8513728,125.8513728,125.8513728,125.8513728,125.8513728,125.8513728,125.8513728,126.704,126.704,126.704,126.704,126.704,126.704,126.704,126.704,126.704,126.704,126.704,98.18898002,98.18898002,98.18898002,98.18898002,98.18898002,98.18898002,98.18898002,98.18898002,98.18898002,98.18898002,98.18898002,1.264554878,1.577147419,1.939537088,2.344712253,2.779777417,3.227116463,3.667026858,4.081069004,4.454980744,4.780248589,5.054113921,0.086,0.086,0.086,0.086,0.086,0.086,0.086,0.086,0.086,0.086,0.086,338.9282257,337.365263,335.5533147,333.5274389,331.3521131,329.1154179,326.915866,324.8456553,322.9760966,321.3497574,319.9804308,292.9112257,291.348263,289.5363147,287.5104389,285.3351131,283.0984179,280.898866,278.8286553,276.9590966,275.3327574,273.9634308,43.10705,43.10705,43.10705,43.10705,43.10705,43.10705,43.10705,43.10705,43.10705,43.10705,43.10705,470.56248,483.6315476,484.0227021,484.4603409,484.9306211,485.4145545,485.8908341,486.339454,486.7448823,487.0977908,487.3950909,1384.045706,1395.551811,1394.131017,1392.54278,1390.837734,1389.084972,1387.3617,1385.740109,1384.275979,1383.002548,1381.930522,1302.746583,1302.485844,1301.065905,1299.478344,1297.773694,1296.020983,1294.297407,1292.675209,1291.210263,1289.935915,1288.862966,63.006,63.006,63.006,63.006,63.006,63.006,63.006,63.006,63.006,63.006,63.006,300.5003728,300.5003728,300.5003728,300.5003728,300.5003728,300.5003728,300.5003728,300.5003728,300.5003728,300.5003728,300.5003728,240.209,240.209,240.209,240.209,240.209,240.209,240.209,240.209,240.209,240.209,240.209,153.3,153.3,153.3,153.3,153.3,153.3,153.3,153.3,153.3,153.3,153.3,108.57,108.57,108.57,108.57,108.57,108.57,108.57,108.57,108.57,108.57,108.57,342.0837806,340.8334104,339.3838518,337.7631512,336.0228905,334.2335344,332.4738928,330.8177243,329.3220774,328.021006,326.9255447
4,0.15,12,0,0,1,1,0.300000012,0,0,466.988,466.988,466.988,466.988,466.988,466.988,466.988,466.988,466.988,466.988,466.988,358.00648,371.3233462,372.0967847,373.0432517,374.1051594,375.1864902,376.1840888,377.0239789,377.6782844,378.1578432,378.4938267,64.45995,64.45995,64.45995,64.45995,64.45995,64.45995,64.45995,64.45995,64.45995,64.45995,64.45995,0,0,0,0,0,0,0,0,0,0,0,22.441,22.441,22.441,22.441,22.441,22.441,22.441,22.441,22.441,22.441,22.441,442.8,442.8,442.8,442.8,442.8,442.8,442.8,442.8,442.8,442.8,442.8,393.476,393.476,393.476,393.476,393.476,393.476,393.476,393.476,393.476,393.476,393.476,137,137,137,137,137,137,137,137,137,137,137,0,0,0,0,0,0,0,0,0,0,0,0,0,0,0,0,0,0,0,0,0,0,0,0,0,0,0,0,0,0,0,0,0,95.43248,96.44087525,96.49944246,96.57111193,96.65152295,96.73340474,96.80894606,96.8725452,96.92209128,96.95840499,96.98384672,59.8,59.8,59.8,59.8,59.8,59.8,59.8,59.8,59.8,59.8,59.8,0,0,0,0,0,0,0,0,0,0,0,35.63248,36.64087525,36.69944246,36.77111193,36.85152295,36.93340474,37.00894606,37.0725452,37.12209128,37.15840499,37.18384672,7.486,7.486,7.486,7.486,7.486,7.486,7.486,7.486,7.486,7.486,7.486,5.082,5.082,5.082,5.082,5.082,5.082,5.082,5.082,5.082,5.082,5.082,89.512,89.512,89.512,89.512,89.512,89.512,89.512,89.512,89.512,89.512,89.512,18.3103928,18.3103928,18.3103928,18.3103928,18.3103928,18.3103928,18.3103928,18.3103928,18.3103928,18.3103928,18.3103928,125.8513728,125.8513728,125.8513728,125.8513728,125.8513728,125.8513728,125.8513728,125.8513728,125.8513728,125.8513728,125.8513728,126.704,126.704,126.704,126.704,126.704,126.704,126.704,126.704,126.704,126.704,126.704,98.18898002,98.18898002,98.18898002,98.18898002,98.18898002,98.18898002,98.18898002,98.18898002,98.18898002,98.18898002,98.18898002,1.264554878,1.811433129,2.529402817,3.406733561,4.389423674,5.3882963,6.308218439,7.081518808,7.683192546,8.123755723,8.432206681,0.086,0.086,0.086,0.086,0.086,0.086,0.086,0.086,0.086,0.086,0.086,338.9282257,336.1938345,332.6039861,328.2173324,323.303882,318.3095189,313.7099083,309.8434065,306.8350378,304.632222,303.0899672,292.9112257,290.1768345,286.5869861,282.2003324,277.286882,272.2925189,267.6929083,263.8264065,260.8180378,258.615222,257.0729672,43.10705,43.10705,43.10705,43.10705,43.10705,43.10705,43.10705,43.10705,43.10705,43.10705,43.10705,470.56248,483.8793462,484.6527847,485.5992517,486.6611594,487.7424902,488.7400888,489.5799789,490.2342844,490.7138432,491.0498267,1384.045706,1394.628181,1391.811771,1388.371584,1384.520041,1380.607009,1377.004997,1373.978385,1371.624322,1369.901065,1368.694794,1302.746583,1301.567466,1298.754154,1295.316501,1291.466151,1287.552543,1283.948396,1280.918793,1278.561644,1276.835706,1275.627343,63.006,63.006,63.006,63.006,63.006,63.006,63.006,63.006,63.006,63.006,63.006,300.5003728,300.5003728,300.5003728,300.5003728,300.5003728,300.5003728,300.5003728,300.5003728,300.5003728,300.5003728,300.5003728,240.209,240.209,240.209,240.209,240.209,240.209,240.209,240.209,240.209,240.209,240.209,153.3,153.3,153.3,153.3,153.3,153.3,153.3,153.3,153.3,153.3,153.3,108.57,108.57,108.57,108.57,108.57,108.57,108.57,108.57,108.57,108.57,108.57,342.0837806,339.8962676,337.0243889,333.515066,329.5843056,325.5888152,321.9091267,318.8159253,316.4092304,314.6469777,313.4131739
5,0.2,12,0,0,1,1,0.300000012,0,0,466.988,466.988,466.988,466.988,466.988,466.988,466.988,466.988,466.988,466.988,466.988,358.00648,371.6075986,372.9057455,374.6117109,376.5317007,378.349165,379.8082558,380.8322264,381.4848384,381.8755703,382.1008081,64.45995,64.45995,64.45995,64.45995,64.45995,64.45995,64.45995,64.45995,64.45995,64.45995,64.45995,0,0,0,0,0,0,0,0,0,0,0,22.441,22.441,22.441,22.441,22.441,22.441,22.441,22.441,22.441,22.441,22.441,442.8,442.8,442.8,442.8,442.8,442.8,442.8,442.8,442.8,442.8,442.8,393.476,393.476,393.476,393.476,393.476,393.476,393.476,393.476,393.476,393.476,393.476,137,137,137,137,137,137,137,137,137,137,137,0,0,0,0,0,0,0,0,0,0,0,0,0,0,0,0,0,0,0,0,0,0,0,0,0,0,0,0,0,0,0,0,0,95.43248,96.46239974,96.56069953,96.68988063,96.83526833,96.97289248,97.08337945,97.16091775,97.21033559,97.23992305,97.25697877,59.8,59.8,59.8,59.8,59.8,59.8,59.8,59.8,59.8,59.8,59.8,0,0,0,0,0,0,0,0,0,0,0,35.63248,36.66239974,36.76069953,36.88988063,37.03526833,37.17289248,37.28337945,37.36091775,37.41033559,37.43992305,37.45697877,7.486,7.486,7.486,7.486,7.486,7.486,7.486,7.486,7.486,7.486,7.486,5.082,5.082,5.082,5.082,5.082,5.082,5.082,5.082,5.082,5.082,5.082,89.512,89.512,89.512,89.512,89.512,89.512,89.512,89.512,89.512,89.512,89.512,18.3103928,18.3103928,18.3103928,18.3103928,18.3103928,18.3103928,18.3103928,18.3103928,18.3103928,18.3103928,18.3103928,125.8513728,125.8513728,125.8513728,125.8513728,125.8513728,125.8513728,125.8513728,125.8513728,125.8513728,125.8513728,125.8513728,126.704,126.704,126.704,126.704,126.704,126.704,126.704,126.704,126.704,126.704,126.704,98.18898002,98.18898002,98.18898002,98.18898002,98.18898002,98.18898002,98.18898002,98.18898002,98.18898002,98.18898002,98.18898002,1.264554878,2.080800036,3.28799578,4.870475326,6.646105248,8.321667186,9.66314047,10.60260301,11.2005092,11.55817242,11.76424046,0.086,0.086,0.086,0.086,0.086,0.086,0.086,0.086,0.086,0.086,0.086,338.9282257,334.847,328.8110213,320.8986237,312.0204743,303.6426647,296.9352984,292.2379858,289.2484548,287.4601387,286.4297986,292.9112257,288.83,282.7940213,274.8816237,266.0034743,257.6256647,250.9182984,246.2209858,243.2314548,241.4431387,240.4127986,43.10705,43.10705,43.10705,43.10705,43.10705,43.10705,43.10705,43.10705,43.10705,43.10705,43.10705,470.56248,484.1635986,485.4617455,487.1677109,489.0877007,490.905165,492.3642558,493.3882264,494.0408384,494.4315703,494.6568081,1384.045706,1393.565599,1388.827767,1382.621335,1375.663175,1369.10283,1363.854554,1360.181212,1357.844293,1356.446709,1355.641607,1302.746583,1300.511523,1295.781039,1289.580302,1282.623171,1276.058547,1270.803141,1267.122829,1264.780622,1263.379557,1262.572341,63.006,63.006,63.006,63.006,63.006,63.006,63.006,63.006,63.006,63.006,63.006,300.5003728,300.5003728,300.5003728,300.5003728,300.5003728,300.5003728,300.5003728,300.5003728,300.5003728,300.5003728,300.5003728,240.209,240.209,240.209,240.209,240.209,240.209,240.209,240.209,240.209,240.209,240.209,153.3,153.3,153.3,153.3,153.3,153.3,153.3,153.3,153.3,153.3,153.3,108.57,108.57,108.57,108.57,108.57,108.57,108.57,108.57,108.57,108.57,108.57,342.0837806,338.8188,333.9900171,327.6600991,320.5575795,313.8553319,308.4894388,304.7315888,302.339964,300.9093112,300.085039
6,0.25,12,0,0,1,1,0.300000012,0,0,466.988,466.988,466.988,466.988,466.988,466.988,466.988,466.988,466.988,466.988,466.988,358.00648,371.9333275,373.9343416,376.6961378,379.6730837,382.1358912,383.7644059,384.6876912,385.1659977,385.4022247,385.5161392,64.45995,64.45995,64.45995,64.45995,64.45995,64.45995,64.45995,64.45995,64.45995,64.45995,64.45995,0,0,0,0,0,0,0,0,0,0,0,22.441,22.441,22.441,22.441,22.441,22.441,22.441,22.441,22.441,22.441,22.441,442.8,442.8,442.8,442.8,442.8,442.8,442.8,442.8,442.8,442.8,442.8,393.476,393.476,393.476,393.476,393.476,393.476,393.476,393.476,393.476,393.476,393.476,137,137,137,137,137,137,137,137,137,137,137,0,0,0,0,0,0,0,0,0,0,0,0,0,0,0,0,0,0,0,0,0,0,0,0,0,0,0,0,0,0,0,0,0,95.43248,96.48706496,96.63858808,96.84772003,97.07314379,97.25963537,97.38295166,97.45286574,97.48908462,97.50697248,97.51559845,59.8,59.8,59.8,59.8,59.8,59.8,59.8,59.8,59.8,59.8,59.8,0,0,0,0,0,0,0,0,0,0,0,35.63248,36.68706496,36.83858808,37.04772003,37.27314379,37.45963537,37.58295166,37.65286574,37.68908462,37.70697248,37.71559845,7.486,7.486,7.486,7.486,7.486,7.486,7.486,7.486,7.486,7.486,7.486,5.082,5.082,5.082,5.082,5.082,5.082,5.082,5.082,5.082,5.082,5.082,89.512,89.512,89.512,89.512,89.512,89.512,89.512,89.512,89.512,89.512,89.512,18.3103928,18.3103928,18.3103928,18.3103928,18.3103928,18.3103928,18.3103928,18.3103928,18.3103928,18.3103928,18.3103928,125.8513728,125.8513728,125.8513728,125.8513728,125.8513728,125.8513728,125.8513728,125.8513728,125.8513728,125.8513728,125.8513728,126.704,126.704,126.704,126.704,126.704,126.704,126.704,126.704,126.704,126.704,126.704,98.18898002,98.18898002,98.18898002,98.18898002,98.18898002,98.18898002,98.18898002,98.18898002,98.18898002,98.18898002,98.18898002,1.264554878,2.390159599,4.253885165,6.816027084,9.564558463,11.82804355,13.31960674,14.16342594,14.60004677,14.81555552,14.91944837,0.086,0.086,0.086,0.086,0.086,0.086,0.086,0.086,0.086,0.086,0.086,338.9282257,333.3002022,323.9815745,311.1708651,297.4282084,286.1107832,278.6529673,274.4338714,272.2507672,271.1732235,270.6537592,292.9112257,287.2832022,277.9645745,265.1538651,251.4112084,240.0937832,232.6359673,228.4168714,226.2337672,225.1562235,224.6367592,43.10705,43.10705,43.10705,43.10705,43.10705,43.10705,43.10705,43.10705,43.10705,43.10705,43.10705,470.56248,484.4893275,486.4903416,489.2521378,492.2290837,494.6918912,496.3204059,497.2436912,497.7219977,497.9582247,498.0721392,1384.045706,1392.34453,1385.026916,1374.978003,1364.212292,1355.357674,1349.528373,1346.232563,1344.527765,1343.686448,1343.280898,1302.746583,1299.29875,1291.995371,1281.955935,1271.187233,1262.319785,1256.476849,1253.171486,1251.461221,1250.617074,1250.210129,63.006,63.006,63.006,63.006,63.006,63.006,63.006,63.006,63.006,63.006,63.006,300.5003728,300.5003728,300.5003728,300.5003728,300.5003728,300.5003728,300.5003728,300.5003728,300.5003728,300.5003728,300.5003728,240.209,240.209,240.209,240.209,240.209,240.209,240.209,240.209,240.209,240.209,240.209,153.3,153.3,153.3,153.3,153.3,153.3,153.3,153.3,153.3,153.3,153.3,108.57,108.57,108.57,108.57,108.57,108.57,108.57,108.57,108.57,108.57,108.57,342.0837806,337.5813618,330.1264597,319.8778922,308.8837669,299.8298267,293.863574,290.4882973,288.741814,287.879779,287.4642076
7,0.3,12,0,0,1,1,0.300000012,0,0,466.988,466.988,466.988,466.988,466.988,466.988,466.988,466.988,466.988,466.988,466.988,358.00648,372.3061589,375.2273193,379.3527504,383.4102973,386.201048,387.6814932,388.3599257,388.6498654,388.7700608,388.8192577,64.45995,64.45995,64.45995,64.45995,64.45995,64.45995,64.45995,64.45995,64.45995,64.45995,64.45995,0,0,0,0,0,0,0,0,0,0,0,22.441,22.441,22.441,22.441,22.441,22.441,22.441,22.441,22.441,22.441,22.441,442.8,442.8,442.8,442.8,442.8,442.8,442.8,442.8,442.8,442.8,442.8,393.476,393.476,393.476,393.476,393.476,393.476,393.476,393.476,393.476,393.476,393.476,137,137,137,137,137,137,137,137,137,137,137,0,0,0,0,0,0,0,0,0,0,0,0,0,0,0,0,0,0,0,0,0,0,0,0,0,0,0,0,0,0,0,0,0,95.43248,96.51529694,96.73649644,97.04888714,97.35613743,97.56746191,97.6795659,97.73093895,97.7528941,97.76199568,97.76572103,59.8,59.8,59.8,59.8,59.8,59.8,59.8,59.8,59.8,59.8,59.8,0,0,0,0,0,0,0,0,0,0,0,35.63248,36.71529694,36.93649644,37.24888714,37.55613743,37.76746191,37.8795659,37.93093895,37.9528941,37.96199568,37.96572103,7.486,7.486,7.486,7.486,7.486,7.486,7.486,7.486,7.486,7.486,7.486,5.082,5.082,5.082,5.082,5.082,5.082,5.082,5.082,5.082,5.082,5.082,89.512,89.512,89.512,89.512,89.512,89.512,89.512,89.512,89.512,89.512,89.512,18.3103928,18.3103928,18.3103928,18.3103928,18.3103928,18.3103928,18.3103928,18.3103928,18.3103928,18.3103928,18.3103928,125.8513728,125.8513728,125.8513728,125.8513728,125.8513728,125.8513728,125.8513728,125.8513728,125.8513728,125.8513728,125.8513728,126.704,126.704,126.704,126.704,126.704,126.704,126.704,126.704,126.704,126.704,126.704,98.18898002,98.18898002,98.18898002,98.18898002,98.18898002,98.18898002,98.18898002,98.18898002,98.18898002,98.18898002,98.18898002,1.264554878,2.745019594,5.469301027,9.294215361,13.03052391,15.58555462,16.93606574,17.55382185,17.81761337,17.92693088,17.9716689,0.086,0.086,0.086,0.086,0.086,0.086,0.086,0.086,0.086,0.086,0.086,338.9282257,331.5259022,317.9044953,298.7799239,280.0983814,267.3232281,260.5706726,257.481892,256.1629344,255.6163469,255.3926568,292.9112257,285.5089022,271.8874953,252.7629239,234.0813814,221.3062281,214.5536726,211.464892,210.1459344,209.5993469,209.3756568,43.10705,43.10705,43.10705,43.10705,43.10705,43.10705,43.10705,43.10705,43.10705,43.10705,43.10705,470.56248,484.8621589,487.7833193,491.9087504,495.9662973,498.757048,500.2374932,500.9159257,501.2058654,501.3260608,501.3752577,1384.045706,1390.943061,1380.242815,1365.243674,1350.619679,1340.635276,1335.363166,1332.952818,1331.9238,1331.497408,1331.322915,1302.746583,1297.907542,1287.231616,1272.244349,1257.606366,1247.597567,1242.307627,1239.887976,1238.854765,1238.426596,1238.25137,63.006,63.006,63.006,63.006,63.006,63.006,63.006,63.006,63.006,63.006,63.006,300.5003728,300.5003728,300.5003728,300.5003728,300.5003728,300.5003728,300.5003728,300.5003728,300.5003728,300.5003728,300.5003728,240.209,240.209,240.209,240.209,240.209,240.209,240.209,240.209,240.209,240.209,240.209,153.3,153.3,153.3,153.3,153.3,153.3,153.3,153.3,153.3,153.3,153.3,108.57,108.57,108.57,108.57,108.57,108.57,108.57,108.57,108.57,108.57,108.57,342.0837806,336.1619218,325.2647963,309.9651392,295.0199053,284.7997827,279.3977383,276.9267139,275.8715478,275.4342778,275.2553257
8,0.35,12,0,0,1,1,0.300000012,0,0,466.988,466.988,466.988,466.988,466.988,466.988,466.988,466.988,466.988,466.988,466.988,358.00648,372.73237,376.8310591,382.5838294,387.5171004,390.2496169,391.4097504,391.8458052,392.0020862,392.057135,392.0764068,64.45995,64.45995,64.45995,64.45995,64.45995,64.45995,64.45995,64.45995,64.45995,64.45995,64.45995,0,0,0,0,0,0,0,0,0,0,0,22.441,22.441,22.441,22.441,22.441,22.441,22.441,22.441,22.441,22.441,22.441,442.8,442.8,442.8,442.8,442.8,442.8,442.8,442.8,442.8,442.8,442.8,393.476,393.476,393.476,393.476,393.476,393.476,393.476,393.476,393.476,393.476,393.476,137,137,137,137,137,137,137,137,137,137,137,0,0,0,0,0,0,0,0,0,0,0,0,0,0,0,0,0,0,0,0,0,0,0,0,0,0,0,0,0,0,0,0,0,95.43248,96.54757099,96.8579367,97.29355466,97.66711756,97.87403236,97.96188133,97.99490078,98.00673487,98.01090334,98.01236267,59.8,59.8,59.8,59.8,59.8,59.8,59.8,59.8,59.8,59.8,59.8,0,0,0,0,0,0,0,0,0,0,0,35.63248,36.74757099,37.0579367,37.49355466,37.86711756,38.07403236,38.16188133,38.19490078,38.20673487,38.21090334,38.21236267,7.486,7.486,7.486,7.486,7.486,7.486,7.486,7.486,7.486,7.486,7.486,5.082,5.082,5.082,5.082,5.082,5.082,5.082,5.082,5.082,5.082,5.082,89.512,89.512,89.512,89.512,89.512,89.512,89.512,89.512,89.512,89.512,89.512,18.3103928,18.3103928,18.3103928,18.3103928,18.3103928,18.3103928,18.3103928,18.3103928,18.3103928,18.3103928,18.3103928,125.8513728,125.8513728,125.8513728,125.8513728,125.8513728,125.8513728,125.8513728,125.8513728,125.8513728,125.8513728,125.8513728,126.704,126.704,126.704,126.704,126.704,126.704,126.704,126.704,126.704,126.704,126.704,98.18898002,98.18898002,98.18898002,98.18898002,98.18898002,98.18898002,98.18898002,98.18898002,98.18898002,98.18898002,98.18898002,1.264554878,3.151531575,6.977792594,12.30438234,16.8314327,19.32275174,20.3769893,20.7727032,20.91445452,20.96437636,20.98185226,0.086,0.086,0.086,0.086,0.086,0.086,0.086,0.086,0.086,0.086,0.086,338.9282257,329.4933424,310.3620375,283.7290892,261.0938378,248.6372427,243.366055,241.3874855,240.6787289,240.4291197,240.3417403,292.9112257,283.4763424,264.3450375,237.7120892,215.0768378,202.6202427,197.349055,195.3704855,194.6617289,194.4121197,194.3247403,43.10705,43.10705,43.10705,43.10705,43.10705,43.10705,43.10705,43.10705,43.10705,43.10705,43.10705,470.56248,485.28837,489.3870591,495.1398294,500.0731004,502.8056169,503.9657504,504.4018052,504.5580862,504.613135,504.6324068,1384.045706,1389.336712,1374.304097,1353.423919,1335.721938,1325.99786,1321.886805,1320.344291,1319.791815,1319.597255,1319.529147,1302.746583,1296.313768,1281.31909,1260.448349,1242.713711,1232.95535,1228.826248,1227.276412,1226.721241,1226.525722,1226.457278,63.006,63.006,63.006,63.006,63.006,63.006,63.006,63.006,63.006,63.006,63.006,300.5003728,300.5003728,300.5003728,300.5003728,300.5003728,300.5003728,300.5003728,300.5003728,300.5003728,300.5003728,300.5003728,240.209,240.209,240.209,240.209,240.209,240.209,240.209,240.209,240.209,240.209,240.209,153.3,153.3,153.3,153.3,153.3,153.3,153.3,153.3,153.3,153.3,153.3,108.57,108.57,108.57,108.57,108.57,108.57,108.57,108.57,108.57,108.57,108.57,342.0837806,334.5358739,319.2308301,297.9244715,279.8162705,269.8509945,265.6340443,264.0511887,263.4841835,263.2844961,263.2145925
9,0.4,12,0,0,1,1,0.300000012,0,0,466.988,466.988,466.988,466.988,466.988,466.988,466.988,466.988,466.988,466.988,466.988,358.00648,373.2189345,378.7898737,386.324433,391.7471348,394.1327553,394.9521974,395.2088733,395.2869096,395.3104182,395.3174807,64.45995,64.45995,64.45995,64.45995,64.45995,64.45995,64.45995,64.45995,64.45995,64.45995,64.45995,0,0,0,0,0,0,0,0,0,0,0,22.441,22.441,22.441,22.441,22.441,22.441,22.441,22.441,22.441,22.441,22.441,442.8,442.8,442.8,442.8,442.8,442.8,442.8,442.8,442.8,442.8,442.8,393.476,393.476,393.476,393.476,393.476,393.476,393.476,393.476,393.476,393.476,393.476,137,137,137,137,137,137,137,137,137,137,137,0,0,0,0,0,0,0,0,0,0,0,0,0,0,0,0,0,0,0,0,0,0,0,0,0,0,0,0,0,0,0,0,0,95.43248,96.58441519,97.00626433,97.57680501,97.98742915,98.16807588,98.23012663,98.24956294,98.2554721,98.25725225,98.25778704,59.8,59.8,59.8,59.8,59.8,59.8,59.8,59.8,59.8,59.8,59.8,0,0,0,0,0,0,0,0,0,0,0,35.63248,36.78441519,37.20626433,37.77680501,38.18742915,38.36807588,38.43012663,38.44956294,38.4554721,38.45725225,38.45778704,7.486,7.486,7.486,7.486,7.486,7.486,7.486,7.486,7.486,7.486,7.486,5.082,5.082,5.082,5.082,5.082,5.082,5.082,5.082,5.082,5.082,5.082,89.512,89.512,89.512,89.512,89.512,89.512,89.512,89.512,89.512,89.512,89.512,18.3103928,18.3103928,18.3103928,18.3103928,18.3103928,18.3103928,18.3103928,18.3103928,18.3103928,18.3103928,18.3103928,125.8513728,125.8513728,125.8513728,125.8513728,125.8513728,125.8513728,125.8513728,125.8513728,125.8513728,125.8513728,125.8513728,126.704,126.704,126.704,126.704,126.704,126.704,126.704,126.704,126.704,126.704,126.704,98.18898002,98.18898002,98.18898002,98.18898002,98.18898002,98.18898002,98.18898002,98.18898002,98.18898002,98.18898002,98.18898002,1.264554878,3.616534858,8.820583099,15.78260169,20.73892619,22.90497068,23.64695933,23.87916061,23.9497358,23.97099493,23.97738143,0.086,0.086,0.086,0.086,0.086,0.086,0.086,0.086,0.086,0.086,0.086,338.9282257,327.168326,301.1480852,266.3379927,241.5563706,230.7261483,227.0162051,225.8551987,225.5023228,225.3960271,225.3640947,292.9112257,281.151326,255.1310852,220.3209927,195.5393706,184.7091483,180.9992051,179.8381987,179.4853228,179.3790271,179.3470947,43.10705,43.10705,43.10705,43.10705,43.10705,43.10705,43.10705,43.10705,43.10705,43.10705,43.10705,470.56248,485.7749345,491.3458737,498.880433,504.3031348,506.6887553,507.5081974,507.7648733,507.8429096,507.8664182,507.8734807,1384.045706,1387.49826,1367.048959,1339.773426,1320.414505,1311.969904,1309.079403,1308.175072,1307.900232,1307.817445,1307.792575,1302.746583,1294.490599,1274.096255,1246.818722,1227.404049,1218.920518,1216.014614,1215.105245,1214.828854,1214.745597,1214.720586,63.006,63.006,63.006,63.006,63.006,63.006,63.006,63.006,63.006,63.006,63.006,300.5003728,300.5003728,300.5003728,300.5003728,300.5003728,300.5003728,300.5003728,300.5003728,300.5003728,300.5003728,300.5003728,240.209,240.209,240.209,240.209,240.209,240.209,240.209,240.209,240.209,240.209,240.209,153.3,153.3,153.3,153.3,153.3,153.3,153.3,153.3,153.3,153.3,153.3,108.57,108.57,108.57,108.57,108.57,108.57,108.57,108.57,108.57,108.57,108.57,342.0837806,332.6758608,311.8596683,284.0115944,264.1862968,255.522119,252.5541644,251.6253594,251.3430586,251.258022,251.2324761
10,0.45,12,0,0,1,1,0.300000012,0,0,466.988,466.988,466.988,466.988,466.988,466.988,466.988,466.988,466.988,466.988,466.988,358.00648,373.773563,381.1410279,390.44962,395.9144986,397.8236746,398.3621667,398.5044604,398.5414025,398.5509491,398.5534133,64.45995,64.45995,64.45995,64.45995,64.45995,64.45995,64.45995,64.45995,64.45995,64.45995,64.45995,0,0,0,0,0,0,0,0,0,0,0,22.441,22.441,22.441,22.441,22.441,22.441,22.441,22.441,22.441,22.441,22.441,442.8,442.8,442.8,442.8,442.8,442.8,442.8,442.8,442.8,442.8,442.8,393.476,393.476,393.476,393.476,393.476,393.476,393.476,393.476,393.476,393.476,393.476,137,137,137,137,137,137,137,137,137,137,137,0,0,0,0,0,0,0,0,0,0,0,0,0,0,0,0,0,0,0,0,0,0,0,0,0,0,0,0,0,0,0,0,0,95.43248,96.62641342,97.18430118,97.88917722,98.30299512,98.44756397,98.4883403,98.49911522,98.50191259,98.5026355,98.50282209,59.8,59.8,59.8,59.8,59.8,59.8,59.8,59.8,59.8,59.8,59.8,0,0,0,0,0,0,0,0,0,0,0,35.63248,36.82641342,37.38430118,38.08917722,38.50299512,38.64756397,38.6883403,38.69911522,38.70191259,38.7026355,38.70282209,7.486,7.486,7.486,7.486,7.486,7.486,7.486,7.486,7.486,7.486,7.486,5.082,5.082,5.082,5.082,5.082,5.082,5.082,5.082,5.082,5.082,5.082,89.512,89.512,89.512,89.512,89.512,89.512,89.512,89.512,89.512,89.512,89.512,18.3103928,18.3103928,18.3103928,18.3103928,18.3103928,18.3103928,18.3103928,18.3103928,18.3103928,18.3103928,18.3103928,125.8513728,125.8513728,125.8513728,125.8513728,125.8513728,125.8513728,125.8513728,125.8513728,125.8513728,125.8513728,125.8513728,126.704,126.704,126.704,126.704,126.704,126.704,126.704,126.704,126.704,126.704,126.704,98.18898002,98.18898002,98.18898002,98.18898002,98.18898002,98.18898002,98.18898002,98.18898002,98.18898002,98.18898002,98.18898002,1.264554878,4.147594388,11.03171788,19.60963227,24.58313638,26.30976337,26.79574742,26.92409114,26.95740644,26.96601553,26.96823764,0.086,0.086,0.086,0.086,0.086,0.086,0.086,0.086,0.086,0.086,0.086,338.9282257,324.5130284,290.0924114,247.2028401,222.3353199,213.7021851,211.2722649,210.6305463,210.4639698,210.4209243,210.4098138,292.9112257,278.4960284,244.0754114,201.1858401,176.3183199,167.6851851,165.2552649,164.6135463,164.4469698,164.4039243,164.3928138,43.10705,43.10705,43.10705,43.10705,43.10705,43.10705,43.10705,43.10705,43.10705,43.10705,43.10705,470.56248,486.329563,493.6970279,503.00562,508.4704986,510.3796746,510.9181667,511.0604604,511.0974025,511.1069491,511.1094133,1384.045706,1385.397591,1358.344439,1324.76346,1305.360819,1298.63686,1296.745432,1296.246007,1296.116372,1296.082873,1296.074227,1302.746583,1292.408359,1265.429753,1231.822972,1212.342774,1205.580835,1203.677675,1203.175075,1203.044612,1203.010898,1203.002196,63.006,63.006,63.006,63.006,63.006,63.006,63.006,63.006,63.006,63.006,63.006,300.5003728,300.5003728,300.5003728,300.5003728,300.5003728,300.5003728,300.5003728,300.5003728,300.5003728,300.5003728,300.5003728,240.209,240.209,240.209,240.209,240.209,240.209,240.209,240.209,240.209,240.209,240.209,153.3,153.3,153.3,153.3,153.3,153.3,153.3,153.3,153.3,153.3,153.3,108.57,108.57,108.57,108.57,108.57,108.57,108.57,108.57,108.57,108.57,108.57,342.0837806,330.5516228,303.0151293,268.7034724,248.8094563,241.9029485,239.9590123,239.4456374,239.3123763,239.2779399,239.2690514
11,0.5,12,0,0,1,1,0.300000012,0,0,466.988,466.988,466.988,466.988,466.988,466.988,466.988,466.988,466.988,466.988,466.988,358.00648,374.4047345,383.9089713,394.8021331,399.9225766,401.3546226,401.6908705,401.7664278,401.7832363,401.7869672,401.7877949,64.45995,64.45995,64.45995,64.45995,64.45995,64.45995,64.45995,64.45995,64.45995,64.45995,64.45995,0,0,0,0,0,0,0,0,0,0,0,22.441,22.441,22.441,22.441,22.441,22.441,22.441,22.441,22.441,22.441,22.441,442.8,442.8,442.8,442.8,442.8,442.8,442.8,442.8,442.8,442.8,442.8,393.476,393.476,393.476,393.476,393.476,393.476,393.476,393.476,393.476,393.476,393.476,137,137,137,137,137,137,137,137,137,137,137,0,0,0,0,0,0,0,0,0,0,0,0,0,0,0,0,0,0,0,0,0,0,0,0,0,0,0,0,0,0,0,0,0,95.43248,96.67420772,97.39389861,98.21876329,98.60649947,98.71493852,98.74040028,98.74612172,98.74739451,98.74767703,98.7477397,59.8,59.8,59.8,59.8,59.8,59.8,59.8,59.8,59.8,59.8,59.8,0,0,0,0,0,0,0,0,0,0,0,35.63248,36.87420772,37.59389861,38.41876329,38.80649947,38.91493852,38.94040028,38.94612172,38.94739451,38.94767703,38.9477397,7.486,7.486,7.486,7.486,7.486,7.486,7.486,7.486,7.486,7.486,7.486,5.082,5.082,5.082,5.082,5.082,5.082,5.082,5.082,5.082,5.082,5.082,89.512,89.512,89.512,89.512,89.512,89.512,89.512,89.512,89.512,89.512,89.512,18.3103928,18.3103928,18.3103928,18.3103928,18.3103928,18.3103928,18.3103928,18.3103928,18.3103928,18.3103928,18.3103928,125.8513728,125.8513728,125.8513728,125.8513728,125.8513728,125.8513728,125.8513728,125.8513728,125.8513728,125.8513728,125.8513728,126.704,126.704,126.704,126.704,126.704,126.704,126.704,126.704,126.704,126.704,126.704,98.18898002,98.18898002,98.18898002,98.18898002,98.18898002,98.18898002,98.18898002,98.18898002,98.18898002,98.18898002,98.18898002,1.264554878,4.753029182,13.63252312,23.63790294,28.27764907,29.56800114,29.87051911,29.93847299,29.95358885,29.95694394,29.95768827,0.086,0.086,0.086,0.086,0.086,0.086,0.086,0.086,0.086,0.086,0.086,338.9282257,321.4858544,277.0883854,227.0614871,203.8627567,197.4109965,195.8984067,195.5586373,195.483058,195.4662825,195.4625609,292.9112257,275.4688544,231.0713854,181.0444871,157.8457567,151.3939965,149.8814067,149.5416373,149.466058,149.4492825,149.4455609,43.10705,43.10705,43.10705,43.10705,43.10705,43.10705,43.10705,43.10705,43.10705,43.10705,43.10705,470.56248,486.9607345,496.4649713,507.3581331,512.4785766,513.9106226,514.2468705,514.3224278,514.3392363,514.3429672,514.3437949,1384.045706,1383.001589,1348.108357,1308.97462,1290.896333,1285.876619,1284.700277,1284.436065,1284.377294,1284.36425,1284.361356,1302.746583,1290.034414,1255.23613,1216.039476,1197.868228,1192.815259,1191.630649,1191.364555,1191.305364,1191.292226,1191.289312,63.006,63.006,63.006,63.006,63.006,63.006,63.006,63.006,63.006,63.006,63.006,300.5003728,300.5003728,300.5003728,300.5003728,300.5003728,300.5003728,300.5003728,300.5003728,300.5003728,300.5003728,300.5003728,240.209,240.209,240.209,240.209,240.209,240.209,240.209,240.209,240.209,240.209,240.209,153.3,153.3,153.3,153.3,153.3,153.3,153.3,153.3,153.3,153.3,153.3,108.57,108.57,108.57,108.57,108.57,108.57,108.57,108.57,108.57,108.57,108.57,342.0837806,328.1298836,292.6119085,252.59039,234.0314058,228.8699977,227.6599258,227.3881103,227.3276468,227.3142265,227.3112492
12,0.55,12,0,0,1,1,0.300000012,0,0,466.988,466.988,466.988,466.988,466.988,466.988,466.988,466.988,466.988,466.988,466.988,358.00648,375.1217155,387.0997594,399.2283976,403.7477491,404.7715298,404.9737944,405.012629,405.020044,405.0214582,405.0217279,64.45995,64.45995,64.45995,64.45995,64.45995,64.45995,64.45995,64.45995,64.45995,64.45995,64.45995,0,0,0,0,0,0,0,0,0,0,0,22.441,22.441,22.441,22.441,22.441,22.441,22.441,22.441,22.441,22.441,22.441,442.8,442.8,442.8,442.8,442.8,442.8,442.8,442.8,442.8,442.8,442.8,393.476,393.476,393.476,393.476,393.476,393.476,393.476,393.476,393.476,393.476,393.476,137,137,137,137,137,137,137,137,137,137,137,0,0,0,0,0,0,0,0,0,0,0,0,0,0,0,0,0,0,0,0,0,0,0,0,0,0,0,0,0,0,0,0,0,95.43248,96.72849979,97.63551518,98.55393404,98.89615364,98.97367755,98.98899367,98.99193435,98.99249583,98.99260292,98.99262334,59.8,59.8,59.8,59.8,59.8,59.8,59.8,59.8,59.8,59.8,59.8,0,0,0,0,0,0,0,0,0,0,0,35.63248,36.92849979,37.83551518,38.75393404,39.09615364,39.17367755,39.18899367,39.19193435,39.19249583,39.19260292,39.19262334,7.486,7.486,7.486,7.486,7.486,7.486,7.486,7.486,7.486,7.486,7.486,5.082,5.082,5.082,5.082,5.082,5.082,5.082,5.082,5.082,5.082,5.082,89.512,89.512,89.512,89.512,89.512,89.512,89.512,89.512,89.512,89.512,89.512,18.3103928,18.3103928,18.3103928,18.3103928,18.3103928,18.3103928,18.3103928,18.3103928,18.3103928,18.3103928,18.3103928,125.8513728,125.8513728,125.8513728,125.8513728,125.8513728,125.8513728,125.8513728,125.8513728,125.8513728,125.8513728,125.8513728,126.704,126.704,126.704,126.704,126.704,126.704,126.704,126.704,126.704,126.704,126.704,98.18898002,98.18898002,98.18898002,98.18898002,98.18898002,98.18898002,98.18898002,98.18898002,98.18898002,98.18898002,98.18898002,1.264554878,5.441927336,16.62637179,27.72544951,31.80300316,32.72231318,32.90374606,32.93857377,32.94522336,32.94649165,32.94673351,0.086,0.086,0.086,0.086,0.086,0.086,0.086,0.086,0.086,0.086,0.086,338.9282257,318.0413637,262.1191423,206.6237545,186.2359866,181.6394365,180.7322722,180.5581336,180.5248856,180.5185442,180.5173349,292.9112257,272.0243637,216.1021423,160.6067545,140.2189866,135.6224365,134.7152722,134.5411336,134.5078856,134.5015442,134.5003349,43.10705,43.10705,43.10705,43.10705,43.10705,43.10705,43.10705,43.10705,43.10705,43.10705,43.10705,470.56248,487.6777155,499.6557594,511.7843976,516.3037491,517.3275298,517.5297944,517.568629,517.576044,517.5774582,517.5777279,1384.045706,1380.274079,1336.329902,1292.963152,1277.094736,1273.521966,1272.817067,1272.681763,1272.65593,1272.651002,1272.650063,1302.746583,1287.333114,1243.502352,1200.024461,1184.056466,1180.45675,1179.746335,1179.609965,1179.583928,1179.578962,1179.578015,63.006,63.006,63.006,63.006,63.006,63.006,63.006,63.006,63.006,63.006,63.006,300.5003728,300.5003728,300.5003728,300.5003728,300.5003728,300.5003728,300.5003728,300.5003728,300.5003728,300.5003728,300.5003728,240.209,240.209,240.209,240.209,240.209,240.209,240.209,240.209,240.209,240.209,240.209,153.3,153.3,153.3,153.3,153.3,153.3,153.3,153.3,153.3,153.3,153.3,108.57,108.57,108.57,108.57,108.57,108.57,108.57,108.57,108.57,108.57,108.57,342.0837806,325.3742911,280.6365141,236.240204,219.9299897,216.2527497,215.5270182,215.3877074,215.361109,215.3560358,215.3550684
13,0.6,12,0,0,1,1,0.300000012,0,0,466.988,466.988,466.988,466.988,466.988,466.988,466.988,466.988,466.988,466.988,466.988,358.00648,375.9345629,390.6970158,403.6070125,407.4079539,408.1140187,408.2322829,408.2517363,408.2549266,408.2554496,408.2555353,64.45995,64.45995,64.45995,64.45995,64.45995,64.45995,64.45995,64.45995,64.45995,64.45995,64.45995,0,0,0,0,0,0,0,0,0,0,0,22.441,22.441,22.441,22.441,22.441,22.441,22.441,22.441,22.441,22.441,22.441,442.8,442.8,442.8,442.8,442.8,442.8,442.8,442.8,442.8,442.8,442.8,393.476,393.476,393.476,393.476,393.476,393.476,393.476,393.476,393.476,393.476,393.476,137,137,137,137,137,137,137,137,137,137,137,0,0,0,0,0,0,0,0,0,0,0,0,0,0,0,0,0,0,0,0,0,0,0,0,0,0,0,0,0,0,0,0,0,95.43248,96.79005117,97.90791082,98.88549661,99.17331592,99.22678139,99.23573673,99.2372098,99.23745138,99.23749098,99.23749747,59.8,59.8,59.8,59.8,59.8,59.8,59.8,59.8,59.8,59.8,59.8,0,0,0,0,0,0,0,0,0,0,0,35.63248,36.99005117,38.10791082,39.08549661,39.37331592,39.42678139,39.43573673,39.4372098,39.43745138,39.43749098,39.43749747,7.486,7.486,7.486,7.486,7.486,7.486,7.486,7.486,7.486,7.486,7.486,5.082,5.082,5.082,5.082,5.082,5.082,5.082,5.082,5.082,5.082,5.082,89.512,89.512,89.512,89.512,89.512,89.512,89.512,89.512,89.512,89.512,89.512,18.3103928,18.3103928,18.3103928,18.3103928,18.3103928,18.3103928,18.3103928,18.3103928,18.3103928,18.3103928,18.3103928,125.8513728,125.8513728,125.8513728,125.8513728,125.8513728,125.8513728,125.8513728,125.8513728,125.8513728,125.8513728,125.8513728,126.704,126.704,126.704,126.704,126.704,126.704,126.704,126.704,126.704,126.704,126.704,98.18898002,98.18898002,98.18898002,98.18898002,98.18898002,98.18898002,98.18898002,98.18898002,98.18898002,98.18898002,98.18898002,1.264554878,6.22414291,19.99508802,31.76188331,35.17713724,35.80909499,35.91487101,35.93226815,35.9351212,35.93558886,35.93566551,0.086,0.086,0.086,0.086,0.086,0.086,0.086,0.086,0.086,0.086,0.086,338.9282257,314.1302859,245.2755614,186.4415858,169.3653164,166.2055277,165.6766476,165.5896619,165.5753967,165.5730584,165.5726751,292.9112257,268.1132859,199.2585614,140.4245858,123.3483164,120.1885277,119.6596476,119.5726619,119.5583967,119.5560584,119.5556751,43.10705,43.10705,43.10705,43.10705,43.10705,43.10705,43.10705,43.10705,43.10705,43.10705,43.10705,470.56248,488.4905629,503.2530158,516.1630125,519.9639539,520.6700187,520.7882829,520.8077363,520.8109266,520.8114496,520.8115353,1384.045706,1377.175849,1323.083577,1277.159598,1263.88427,1261.430546,1261.019931,1260.952398,1260.941323,1260.939508,1260.93921,1302.746583,1284.265803,1230.299883,1184.210289,1170.837092,1168.362727,1167.948578,1167.880463,1167.869292,1167.867461,1167.867161,63.006,63.006,63.006,63.006,63.006,63.006,63.006,63.006,63.006,63.006,63.006,300.5003728,300.5003728,300.5003728,300.5003728,300.5003728,300.5003728,300.5003728,300.5003728,300.5003728,300.5003728,300.5003728,240.209,240.209,240.209,240.209,240.209,240.209,240.209,240.209,240.209,240.209,240.209,153.3,153.3,153.3,153.3,153.3,153.3,153.3,153.3,153.3,153.3,153.3,108.57,108.57,108.57,108.57,108.57,108.57,108.57,108.57,108.57,108.57,108.57,342.0837806,322.2454288,267.1616494,220.0944691,206.4334537,203.9056227,203.4825186,203.4129301,203.4015179,203.3996472,203.3993406
14,0.65,12,0,0,1,1,0.300000012,0,0,466.988,466.988,466.988,466.988,466.988,466.988,466.988,466.988,466.988,466.988,466.988,358.00648,376.8541053,394.660778,407.8609353,410.9368066,411.4105864,411.4782051,411.4877477,411.4890923,411.4892817,411.4893084,64.45995,64.45995,64.45995,64.45995,64.45995,64.45995,64.45995,64.45995,64.45995,64.45995,64.45995,0,0,0,0,0,0,0,0,0,0,0,22.441,22.441,22.441,22.441,22.441,22.441,22.441,22.441,22.441,22.441,22.441,442.8,442.8,442.8,442.8,442.8,442.8,442.8,442.8,442.8,442.8,442.8,393.476,393.476,393.476,393.476,393.476,393.476,393.476,393.476,393.476,393.476,393.476,137,137,137,137,137,137,137,137,137,137,137,0,0,0,0,0,0,0,0,0,0,0,0,0,0,0,0,0,0,0,0,0,0,0,0,0,0,0,0,0,0,0,0,0,95.43248,96.85968183,98.20805943,99.20761711,99.44053182,99.47640793,99.48152822,99.48225082,99.48235264,99.48236698,99.482369,59.8,59.8,59.8,59.8,59.8,59.8,59.8,59.8,59.8,59.8,59.8,0,0,0,0,0,0,0,0,0,0,0,35.63248,37.05968183,38.40805943,39.40761711,39.64053182,39.67640793,39.68152822,39.68225082,39.68235264,39.68236698,39.682369,7.486,7.486,7.486,7.486,7.486,7.486,7.486,7.486,7.486,7.486,7.486,5.082,5.082,5.082,5.082,5.082,5.082,5.082,5.082,5.082,5.082,5.082,89.512,89.512,89.512,89.512,89.512,89.512,89.512,89.512,89.512,89.512,89.512,18.3103928,18.3103928,18.3103928,18.3103928,18.3103928,18.3103928,18.3103928,18.3103928,18.3103928,18.3103928,18.3103928,125.8513728,125.8513728,125.8513728,125.8513728,125.8513728,125.8513728,125.8513728,125.8513728,125.8513728,125.8513728,125.8513728,126.704,126.704,126.704,126.704,126.704,126.704,126.704,126.704,126.704,126.704,126.704,98.18898002,98.18898002,98.18898002,98.18898002,98.18898002,98.18898002,98.18898002,98.18898002,98.18898002,98.18898002,98.18898002,1.264554878,7.110269359,23.69826325,35.67868183,38.43162219,38.85435949,38.91466492,38.92317493,38.92437398,38.92454289,38.92456668,0.086,0.086,0.086,0.086,0.086,0.086,0.086,0.086,0.086,0.086,0.086,338.9282257,309.6996537,226.7596855,166.8575935,153.0928919,150.9792054,150.6776783,150.6351282,150.629133,150.6282885,150.6281695,292.9112257,263.6826537,180.7426855,120.8405935,107.0758919,104.9622054,104.6606783,104.6181282,104.612133,104.6112885,104.6111695,43.10705,43.10705,43.10705,43.10705,43.10705,43.10705,43.10705,43.10705,43.10705,43.10705,43.10705,470.56248,489.4101053,507.216778,520.4169353,523.4928066,523.9665864,524.0342051,524.0437477,524.0450923,524.0452817,524.0453084,1384.045706,1373.664759,1308.531464,1261.829529,1251.140698,1249.500792,1249.266883,1249.233876,1249.229225,1249.22857,1249.228478,1302.746583,1280.790928,1215.787331,1168.865215,1158.086369,1156.431296,1156.195194,1156.161877,1156.157182,1156.156521,1156.156428,63.006,63.006,63.006,63.006,63.006,63.006,63.006,63.006,63.006,63.006,63.006,300.5003728,300.5003728,300.5003728,300.5003728,300.5003728,300.5003728,300.5003728,300.5003728,300.5003728,300.5003728,300.5003728,240.209,240.209,240.209,240.209,240.209,240.209,240.209,240.209,240.209,240.209,240.209,153.3,153.3,153.3,153.3,153.3,153.3,153.3,153.3,153.3,153.3,153.3,108.57,108.57,108.57,108.57,108.57,108.57,108.57,108.57,108.57,108.57,108.57,342.0837806,318.7009231,252.3489488,204.4272753,193.4155141,191.7245649,191.4833432,191.4493032,191.444507,191.4438314,191.4437362
15,0.7,12,0,0,1,1,0.300000012,0,0,466.988,466.988,466.988,466.988,466.988,466.988,466.988,466.988,466.988,466.988,466.988,358.00648,377.8918965,398.9300373,411.9547075,414.3686992,414.6798763,414.71784,414.7224398,414.7229967,414.7230641,414.7230722,64.45995,64.45995,64.45995,64.45995,64.45995,64.45995,64.45995,64.45995,64.45995,64.45995,64.45995,0,0,0,0,0,0,0,0,0,0,0,22.441,22.441,22.441,22.441,22.441,22.441,22.441,22.441,22.441,22.441,22.441,442.8,442.8,442.8,442.8,442.8,442.8,442.8,442.8,442.8,442.8,442.8,393.476,393.476,393.476,393.476,393.476,393.476,393.476,393.476,393.476,393.476,393.476,137,137,137,137,137,137,137,137,137,137,137,0,0,0,0,0,0,0,0,0,0,0,0,0,0,0,0,0,0,0,0,0,0,0,0,0,0,0,0,0,0,0,0,0,95.43248,96.93826666,98.53134125,99.5176105,99.70040558,99.7239689,99.72684363,99.72719194,99.72723411,99.72723922,99.72723983,59.8,59.8,59.8,59.8,59.8,59.8,59.8,59.8,59.8,59.8,59.8,0,0,0,0,0,0,0,0,0,0,0,35.63248,37.13826666,38.73134125,39.7176105,39.90040558,39.9239689,39.92684363,39.92719194,39.92723411,39.92723922,39.92723983,7.486,7.486,7.486,7.486,7.486,7.486,7.486,7.486,7.486,7.486,7.486,5.082,5.082,5.082,5.082,5.082,5.082,5.082,5.082,5.082,5.082,5.082,89.512,89.512,89.512,89.512,89.512,89.512,89.512,89.512,89.512,89.512,89.512,18.3103928,18.3103928,18.3103928,18.3103928,18.3103928,18.3103928,18.3103928,18.3103928,18.3103928,18.3103928,18.3103928,125.8513728,125.8513728,125.8513728,125.8513728,125.8513728,125.8513728,125.8513728,125.8513728,125.8513728,125.8513728,125.8513728,126.704,126.704,126.704,126.704,126.704,126.704,126.704,126.704,126.704,126.704,126.704,98.18898002,98.18898002,98.18898002,98.18898002,98.18898002,98.18898002,98.18898002,98.18898002,98.18898002,98.18898002,98.18898002,1.264554878,8.111583647,27.67616929,39.44568642,41.59822668,41.87504504,41.9088067,41.91289722,41.91339242,41.91345237,41.91345962,0.086,0.086,0.086,0.086,0.086,0.086,0.086,0.086,0.086,0.086,0.086,338.9282257,304.6930824,206.8701556,148.0225708,137.2598697,135.8757779,135.7069696,135.686517,135.684041,135.6837413,135.683705,292.9112257,258.6760824,160.8531556,102.0055708,91.24286971,89.85877792,89.68996962,89.66951702,89.667041,89.66674128,89.666705,43.10705,43.10705,43.10705,43.10705,43.10705,43.10705,43.10705,43.10705,43.10705,43.10705,43.10705,470.56248,490.4478965,511.4860373,524.5107075,526.9246992,527.2358763,527.27384,527.2784398,527.2789967,527.2790641,527.2790722,1384.045706,1369.695979,1292.911193,1247.088278,1238.739569,1237.666654,1237.53581,1237.519957,1237.518038,1237.517805,1237.517777,1302.746583,1276.864255,1200.198989,1154.107191,1145.679825,1144.596115,1144.463943,1144.447929,1144.44599,1144.445756,1144.445727,63.006,63.006,63.006,63.006,63.006,63.006,63.006,63.006,63.006,63.006,63.006,300.5003728,300.5003728,300.5003728,300.5003728,300.5003728,300.5003728,300.5003728,300.5003728,300.5003728,300.5003728,300.5003728,240.209,240.209,240.209,240.209,240.209,240.209,240.209,240.209,240.209,240.209,240.209,153.3,153.3,153.3,153.3,153.3,153.3,153.3,153.3,153.3,153.3,153.3,108.57,108.57,108.57,108.57,108.57,108.57,108.57,108.57,108.57,108.57,108.57,342.0837806,314.695666,236.4373249,189.3592572,180.7490964,179.641823,179.5067763,179.4904142,179.4884334,179.4881936,179.4881646
16,0.75,12,0,0,1,1,0.300000012,0,0,466.988,466.988,466.988,466.988,466.988,466.988,466.988,466.988,466.988,466.988,466.988,358.00648,379.0601368,403.4288015,415.8836157,417.7325019,417.9334033,417.9543959,417.9565804,417.9568076,417.9568312,417.9568337,64.45995,64.45995,64.45995,64.45995,64.45995,64.45995,64.45995,64.45995,64.45995,64.45995,64.45995,0,0,0,0,0,0,0,0,0,0,0,22.441,22.441,22.441,22.441,22.441,22.441,22.441,22.441,22.441,22.441,22.441,442.8,442.8,442.8,442.8,442.8,442.8,442.8,442.8,442.8,442.8,442.8,393.476,393.476,393.476,393.476,393.476,393.476,393.476,393.476,393.476,393.476,393.476,137,137,137,137,137,137,137,137,137,137,137,0,0,0,0,0,0,0,0,0,0,0,0,0,0,0,0,0,0,0,0,0,0,0,0,0,0,0,0,0,0,0,0,0,95.43248,97.02672951,98.87200191,99.81511986,99.95512337,99.97033626,99.97192589,99.9720913,99.97210851,99.9721103,99.97211049,59.8,59.8,59.8,59.8,59.8,59.8,59.8,59.8,59.8,59.8,59.8,0,0,0,0,0,0,0,0,0,0,0,35.63248,37.22672951,39.07200191,40.01511986,40.15512337,40.17033626,40.17192589,40.1720913,40.17210851,40.1721103,40.17211049,7.486,7.486,7.486,7.486,7.486,7.486,7.486,7.486,7.486,7.486,7.486,5.082,5.082,5.082,5.082,5.082,5.082,5.082,5.082,5.082,5.082,5.082,89.512,89.512,89.512,89.512,89.512,89.512,89.512,89.512,89.512,89.512,89.512,18.3103928,18.3103928,18.3103928,18.3103928,18.3103928,18.3103928,18.3103928,18.3103928,18.3103928,18.3103928,18.3103928,125.8513728,125.8513728,125.8513728,125.8513728,125.8513728,125.8513728,125.8513728,125.8513728,125.8513728,125.8513728,125.8513728,126.704,126.704,126.704,126.704,126.704,126.704,126.704,126.704,126.704,126.704,126.704,98.18898002,98.18898002,98.18898002,98.18898002,98.18898002,98.18898002,98.18898002,98.18898002,98.18898002,98.18898002,98.18898002,1.264554878,9.239954962,31.85595925,43.06054196,44.70337919,44.88157244,44.90018866,44.90212579,44.90232728,44.90234824,44.90235042,0.086,0.086,0.086,0.086,0.086,0.086,0.086,0.086,0.086,0.086,0.086,338.9282257,299.0512259,185.9712061,129.9482934,121.7341074,120.8431411,120.75006,120.7403744,120.7393669,120.7392622,120.7392513,292.9112257,253.0342259,139.9542061,83.93129343,75.71710736,74.82614112,74.73306005,74.72337438,74.72236695,74.72226216,74.72225127,43.10705,43.10705,43.10705,43.10705,43.10705,43.10705,43.10705,43.10705,43.10705,43.10705,43.10705,470.56248,491.6161368,515.9848015,528.4396157,530.2885019,530.4894033,530.5103959,530.5125804,530.5128076,530.5128312,530.5128337,1384.045706,1365.222363,1276.511008,1232.942909,1226.577609,1225.887544,1225.815456,1225.807955,1225.807175,1225.807093,1225.807085,1302.746583,1272.439233,1183.82049,1139.945278,1133.513933,1132.816373,1132.743497,1132.735914,1132.735126,1132.735044,1132.735035,63.006,63.006,63.006,63.006,63.006,63.006,63.006,63.006,63.006,63.006,63.006,300.5003728,300.5003728,300.5003728,300.5003728,300.5003728,300.5003728,300.5003728,300.5003728,300.5003728,300.5003728,300.5003728,240.209,240.209,240.209,240.209,240.209,240.209,240.209,240.209,240.209,240.209,240.209,153.3,153.3,153.3,153.3,153.3,153.3,153.3,153.3,153.3,153.3,153.3,108.57,108.57,108.57,108.57,108.57,108.57,108.57,108.57,108.57,108.57,108.57,342.0837806,310.1821808,219.7181654,174.8998354,168.3284866,167.6157136,167.5412487,167.5335002,167.5326942,167.5326104,167.5326017
17,0.8,12,0,0,1,1,0.300000012,0,0,466.988,466.988,466.988,466.988,466.988,466.988,466.988,466.988,466.988,466.988,466.988,358.00648,380.3715542,408.074459,419.6614391,421.0501222,421.178011,421.1894699,421.1904941,421.1905856,421.1905938,421.1905946,64.45995,64.45995,64.45995,64.45995,64.45995,64.45995,64.45995,64.45995,64.45995,64.45995,64.45995,0,0,0,0,0,0,0,0,0,0,0,22.441,22.441,22.441,22.441,22.441,22.441,22.441,22.441,22.441,22.441,22.441,442.8,442.8,442.8,442.8,442.8,442.8,442.8,442.8,442.8,442.8,442.8,393.476,393.476,393.476,393.476,393.476,393.476,393.476,393.476,393.476,393.476,393.476,137,137,137,137,137,137,137,137,137,137,137,0,0,0,0,0,0,0,0,0,0,0,0,0,0,0,0,0,0,0,0,0,0,0,0,0,0,0,0,0,0,0,0,0,95.43248,97.12603419,99.2237858,100.1011886,100.2063441,100.2160282,100.2168959,100.2169735,100.2169804,100.216981,100.2169811,59.8,59.8,59.8,59.8,59.8,59.8,59.8,59.8,59.8,59.8,59.8,0,0,0,0,0,0,0,0,0,0,0,35.63248,37.32603419,39.4237858,40.3011886,40.40634408,40.41602822,40.41689593,40.41697348,40.41698041,40.41698103,40.41698109,7.486,7.486,7.486,7.486,7.486,7.486,7.486,7.486,7.486,7.486,7.486,5.082,5.082,5.082,5.082,5.082,5.082,5.082,5.082,5.082,5.082,5.082,89.512,89.512,89.512,89.512,89.512,89.512,89.512,89.512,89.512,89.512,89.512,18.3103928,18.3103928,18.3103928,18.3103928,18.3103928,18.3103928,18.3103928,18.3103928,18.3103928,18.3103928,18.3103928,125.8513728,125.8513728,125.8513728,125.8513728,125.8513728,125.8513728,125.8513728,125.8513728,125.8513728,125.8513728,125.8513728,126.704,126.704,126.704,126.704,126.704,126.704,126.704,126.704,126.704,126.704,126.704,98.18898002,98.18898002,98.18898002,98.18898002,98.18898002,98.18898002,98.18898002,98.18898002,98.18898002,98.18898002,98.18898002,1.264554878,10.507712,36.15984523,46.53723368,47.76700896,47.8801132,47.89024619,47.89115184,47.89123277,47.89124,47.89124065,0.086,0.086,0.086,0.086,0.086,0.086,0.086,0.086,0.086,0.086,0.086,338.9282257,292.7124408,164.4517765,112.5648351,106.4159588,105.8504376,105.7997726,105.7952443,105.7948397,105.7948035,105.7948003,292.9112257,246.6954408,118.4347765,66.54783507,60.39895876,59.83343758,59.78277262,59.77824434,59.7778397,59.77780355,59.77780032,43.10705,43.10705,43.10705,43.10705,43.10705,43.10705,43.10705,43.10705,43.10705,43.10705,43.10705,470.56248,492.9275542,520.630459,532.2174391,533.6061222,533.734011,533.7454699,533.7464941,533.7465856,533.7465938,533.7465946,1384.045706,1360.194995,1259.637235,1219.337274,1214.577081,1214.139449,1214.100243,1214.096738,1214.096425,1214.096397,1214.096395,1302.746583,1267.46751,1166.95673,1126.32458,1121.510635,1121.067902,1121.028238,1121.024692,1121.024376,1121.024347,1121.024345,63.006,63.006,63.006,63.006,63.006,63.006,63.006,63.006,63.006,63.006,63.006,300.5003728,300.5003728,300.5003728,300.5003728,300.5003728,300.5003728,300.5003728,300.5003728,300.5003728,300.5003728,300.5003728,240.209,240.209,240.209,240.209,240.209,240.209,240.209,240.209,240.209,240.209,240.209,153.3,153.3,153.3,153.3,153.3,153.3,153.3,153.3,153.3,153.3,153.3,108.57,108.57,108.57,108.57,108.57,108.57,108.57,108.57,108.57,108.57,108.57,342.0837806,305.1111528,202.5026218,160.9930688,156.0739677,155.6215508,155.5810188,155.5773962,155.5770725,155.5770436,155.577041
18,0.85,12,0,0,1,1,0.300000012,0,0,466.988,466.988,466.988,466.988,466.988,466.988,466.988,466.988,466.988,466.988,466.988,358.00648,381.839242,412.7865715,423.3105174,424.3372036,424.4176556,424.4238409,424.4243158,424.4243522,424.424355,424.4243552,64.45995,64.45995,64.45995,64.45995,64.45995,64.45995,64.45995,64.45995,64.45995,64.45995,64.45995,0,0,0,0,0,0,0,0,0,0,0,22.441,22.441,22.441,22.441,22.441,22.441,22.441,22.441,22.441,22.441,22.441,442.8,442.8,442.8,442.8,442.8,442.8,442.8,442.8,442.8,442.8,442.8,393.476,393.476,393.476,393.476,393.476,393.476,393.476,393.476,393.476,393.476,393.476,137,137,137,137,137,137,137,137,137,137,137,0,0,0,0,0,0,0,0,0,0,0,0,0,0,0,0,0,0,0,0,0,0,0,0,0,0,0,0,0,0,0,0,0,95.43248,97.23717216,99.58060187,100.3775084,100.4552523,100.4613444,100.4618127,100.4618487,100.4618515,100.4618517,100.4618517,59.8,59.8,59.8,59.8,59.8,59.8,59.8,59.8,59.8,59.8,59.8,0,0,0,0,0,0,0,0,0,0,0,35.63248,37.43717216,39.78060187,40.57750836,40.65525228,40.66134437,40.66181274,40.66184869,40.66185145,40.66185166,40.66185168,7.486,7.486,7.486,7.486,7.486,7.486,7.486,7.486,7.486,7.486,7.486,5.082,5.082,5.082,5.082,5.082,5.082,5.082,5.082,5.082,5.082,5.082,89.512,89.512,89.512,89.512,89.512,89.512,89.512,89.512,89.512,89.512,89.512,18.3103928,18.3103928,18.3103928,18.3103928,18.3103928,18.3103928,18.3103928,18.3103928,18.3103928,18.3103928,18.3103928,125.8513728,125.8513728,125.8513728,125.8513728,125.8513728,125.8513728,125.8513728,125.8513728,125.8513728,125.8513728,125.8513728,126.704,126.704,126.704,126.704,126.704,126.704,126.704,126.704,126.704,126.704,126.704,98.18898002,98.18898002,98.18898002,98.18898002,98.18898002,98.18898002,98.18898002,98.18898002,98.18898002,98.18898002,98.18898002,1.264554878,11.92746351,40.51339322,49.89701372,50.80327656,50.87422315,50.87967725,50.88009595,50.88012809,50.88013055,50.88013074,0.086,0.086,0.086,0.086,0.086,0.086,0.086,0.086,0.086,0.086,0.086,338.9282257,285.6136834,142.6840369,95.76593514,91.234621,90.87988805,90.85261756,90.85052406,90.85036336,90.85035103,90.85035008,292.9112257,239.5966834,96.66703693,49.74893514,45.217621,44.86288805,44.83561756,44.83352406,44.83336336,44.83335103,44.83335008,43.10705,43.10705,43.10705,43.10705,43.10705,43.10705,43.10705,43.10705,43.10705,43.10705,43.10705,470.56248,494.395242,525.3425715,535.8665174,536.8932036,536.9736556,536.9798409,536.9803158,536.9803522,536.980355,536.9803552,1384.045706,1354.563925,1242.581608,1206.187453,1202.682825,1202.408544,1202.387458,1202.38584,1202.385716,1202.385706,1202.385705,1302.746583,1261.899642,1149.899355,1113.16178,1109.614473,1109.336778,1109.31543,1109.313792,1109.313666,1109.313656,1109.313655,63.006,63.006,63.006,63.006,63.006,63.006,63.006,63.006,63.006,63.006,63.006,300.5003728,300.5003728,300.5003728,300.5003728,300.5003728,300.5003728,300.5003728,300.5003728,300.5003728,300.5003728,300.5003728,240.209,240.209,240.209,240.209,240.209,240.209,240.209,240.209,240.209,240.209,240.209,153.3,153.3,153.3,153.3,153.3,153.3,153.3,153.3,153.3,153.3,153.3,108.57,108.57,108.57,108.57,108.57,108.57,108.57,108.57,108.57,108.57,108.57,342.0837806,299.4321469,185.0884301,147.5539489,143.9288976,143.6451112,143.6232948,143.62162,143.6214914,143.6214816,143.6214808
19,0.9,12,0,0,1,1,0.300000012,0,0,466.988,466.988,466.988,466.988,466.988,466.988,466.988,466.988,466.988,466.988,466.988,358.00648,383.4764468,417.4942584,426.855178,427.6044761,427.6545763,427.6578825,427.6581005,427.6581149,427.6581158,427.6581159,64.45995,64.45995,64.45995,64.45995,64.45995,64.45995,64.45995,64.45995,64.45995,64.45995,64.45995,0,0,0,0,0,0,0,0,0,0,0,22.441,22.441,22.441,22.441,22.441,22.441,22.441,22.441,22.441,22.441,22.441,442.8,442.8,442.8,442.8,442.8,442.8,442.8,442.8,442.8,442.8,442.8,393.476,393.476,393.476,393.476,393.476,393.476,393.476,393.476,393.476,393.476,393.476,137,137,137,137,137,137,137,137,137,137,137,0,0,0,0,0,0,0,0,0,0,0,0,0,0,0,0,0,0,0,0,0,0,0,0,0,0,0,0,0,0,0,0,0,95.43248,97.36114648,99.93708282,100.6459213,100.7026605,100.7064542,100.7067046,100.7067211,100.7067222,100.7067223,100.7067223,59.8,59.8,59.8,59.8,59.8,59.8,59.8,59.8,59.8,59.8,59.8,0,0,0,0,0,0,0,0,0,0,0,35.63248,37.56114648,40.13708282,40.84592127,40.9026605,40.90645424,40.9067046,40.9067211,40.90672219,40.90672227,40.90672227,7.486,7.486,7.486,7.486,7.486,7.486,7.486,7.486,7.486,7.486,7.486,5.082,5.082,5.082,5.082,5.082,5.082,5.082,5.082,5.082,5.082,5.082,89.512,89.512,89.512,89.512,89.512,89.512,89.512,89.512,89.512,89.512,89.512,18.3103928,18.3103928,18.3103928,18.3103928,18.3103928,18.3103928,18.3103928,18.3103928,18.3103928,18.3103928,18.3103928,125.8513728,125.8513728,125.8513728,125.8513728,125.8513728,125.8513728,125.8513728,125.8513728,125.8513728,125.8513728,125.8513728,126.704,126.704,126.704,126.704,126.704,126.704,126.704,126.704,126.704,126.704,126.704,98.18898002,98.18898002,98.18898002,98.18898002,98.18898002,98.18898002,98.18898002,98.18898002,98.18898002,98.18898002,98.18898002,1.264554878,13.51186795,44.85221499,53.1625168,53.82185436,53.86590854,53.8688156,53.86900727,53.86901991,53.86902074,53.8690208,0.086,0.086,0.086,0.086,0.086,0.086,0.086,0.086,0.086,0.086,0.086,338.9282257,277.6916612,120.9899284,79.43841996,76.14173219,75.9214613,75.90692601,75.90596764,75.90590446,75.90590029,75.90590002,292.9112257,231.6746612,74.97292836,33.42141996,30.12473219,29.9044613,29.88992601,29.88896764,29.88890446,29.88890029,29.88890002,43.10705,43.10705,43.10705,43.10705,43.10705,43.10705,43.10705,43.10705,43.10705,43.10705,43.10705,470.56248,496.0324468,530.0502584,539.411178,540.1604761,540.2105763,540.2138825,540.2141005,540.2141149,540.2141158,540.2141159,1384.045706,1348.279108,1225.595187,1193.404598,1190.857208,1190.687038,1190.675809,1190.675068,1190.675019,1190.675016,1190.675016,1302.746583,1255.685998,1132.900549,1100.368181,1097.78757,1097.615147,1097.603769,1097.603019,1097.602969,1097.602966,1097.602966,63.006,63.006,63.006,63.006,63.006,63.006,63.006,63.006,63.006,63.006,63.006,300.5003728,300.5003728,300.5003728,300.5003728,300.5003728,300.5003728,300.5003728,300.5003728,300.5003728,300.5003728,300.5003728,240.209,240.209,240.209,240.209,240.209,240.209,240.209,240.209,240.209,240.209,240.209,153.3,153.3,153.3,153.3,153.3,153.3,153.3,153.3,153.3,153.3,153.3,108.57,108.57,108.57,108.57,108.57,108.57,108.57,108.57,108.57,108.57,108.57,342.0837806,293.0945292,167.7331434,134.4919368,131.8545866,131.6783698,131.6667416,131.6659749,131.6659244,131.665921,131.6659208
20,0.95,12,0,0,1,1,0.300000012,0,0,466.988,466.988,466.988,466.988,466.988,466.988,466.988,466.988,466.988,466.988,466.988,358.00648,385.2963043,422.1409749,430.3180865,430.8590938,430.8900194,430.8917714,430.8918706,430.8918762,430.8918765,430.8918765,64.45995,64.45995,64.45995,64.45995,64.45995,64.45995,64.45995,64.45995,64.45995,64.45995,64.45995,0,0,0,0,0,0,0,0,0,0,0,22.441,22.441,22.441,22.441,22.441,22.441,22.441,22.441,22.441,22.441,22.441,442.8,442.8,442.8,442.8,442.8,442.8,442.8,442.8,442.8,442.8,442.8,393.476,393.476,393.476,393.476,393.476,393.476,393.476,393.476,393.476,393.476,393.476,137,137,137,137,137,137,137,137,137,137,137,0,0,0,0,0,0,0,0,0,0,0,0,0,0,0,0,0,0,0,0,0,0,0,0,0,0,0,0,0,0,0,0,0,95.43248,97.49895185,100.2889469,100.9081437,100.9491104,100.9514522,100.9515849,100.9515924,100.9515928,100.9515929,100.9515929,59.8,59.8,59.8,59.8,59.8,59.8,59.8,59.8,59.8,59.8,59.8,0,0,0,0,0,0,0,0,0,0,0,35.63248,37.69895185,40.4889469,41.10814366,41.14911045,41.15145223,41.15158489,41.15159241,41.15159283,41.15159286,41.15159286,7.486,7.486,7.486,7.486,7.486,7.486,7.486,7.486,7.486,7.486,7.486,5.082,5.082,5.082,5.082,5.082,5.082,5.082,5.082,5.082,5.082,5.082,89.512,89.512,89.512,89.512,89.512,89.512,89.512,89.512,89.512,89.512,89.512,18.3103928,18.3103928,18.3103928,18.3103928,18.3103928,18.3103928,18.3103928,18.3103928,18.3103928,18.3103928,18.3103928,125.8513728,125.8513728,125.8513728,125.8513728,125.8513728,125.8513728,125.8513728,125.8513728,125.8513728,125.8513728,125.8513728,126.704,126.704,126.704,126.704,126.704,126.704,126.704,126.704,126.704,126.704,126.704,98.18898002,98.18898002,98.18898002,98.18898002,98.18898002,98.18898002,98.18898002,98.18898002,98.18898002,98.18898002,98.18898002,1.264554878,15.27335059,49.12603277,56.35456998,56.82916691,56.85628253,56.85781865,56.85790563,56.85791055,56.85791083,56.85791085,0.086,0.086,0.086,0.086,0.086,0.086,0.086,0.086,0.086,0.086,0.086,338.9282257,268.8842482,99.62083979,63.47815431,61.10516966,60.96959159,60.961911,60.9614761,60.96145148,60.96145008,60.96145,292.9112257,222.8672482,53.60383979,17.46115431,15.08816966,14.95259159,14.944911,14.9444761,14.94445148,14.94445008,14.94445,43.10705,43.10705,43.10705,43.10705,43.10705,43.10705,43.10705,43.10705,43.10705,43.10705,43.10705,470.56248,497.8523043,534.6969749,542.8740865,543.4150938,543.4460194,543.4477714,543.4478706,543.4478762,543.4478765,543.4478765,1384.045706,1341.291553,1208.872815,1180.907241,1179.075263,1178.970611,1178.964682,1178.964347,1178.964328,1178.964327,1178.964327,1302.746583,1248.777873,1116.157142,1087.862191,1086.00477,1085.898649,1085.892637,1085.892297,1085.892278,1085.892277,1085.892277,63.006,63.006,63.006,63.006,63.006,63.006,63.006,63.006,63.006,63.006,63.006,300.5003728,300.5003728,300.5003728,300.5003728,300.5003728,300.5003728,300.5003728,300.5003728,300.5003728,300.5003728,300.5003728,240.209,240.209,240.209,240.209,240.209,240.209,240.209,240.209,240.209,240.209,240.209,153.3,153.3,153.3,153.3,153.3,153.3,153.3,153.3,153.3,153.3,153.3,108.57,108.57,108.57,108.57,108.57,108.57,108.57,108.57,108.57,108.57,108.57,342.0837806,286.0485988,150.6378726,121.7237243,119.8253366,119.7168741,119.7107296,119.7103817,119.710362,119.7103609,119.7103609
21,1,12,0,0,1,1,0.300000012,0,0,466.988,466.988,466.988,466.988,466.988,466.988,466.988,466.988,466.988,466.988,466.988,358.00648,387.3115247,426.6863741,433.7186355,434.1057267,434.1246688,434.1255901,434.1256349,434.125637,434.1256371,434.1256372,64.45995,64.45995,64.45995,64.45995,64.45995,64.45995,64.45995,64.45995,64.45995,64.45995,64.45995,0,0,0,0,0,0,0,0,0,0,0,22.441,22.441,22.441,22.441,22.441,22.441,22.441,22.441,22.441,22.441,22.441,442.8,442.8,442.8,442.8,442.8,442.8,442.8,442.8,442.8,442.8,442.8,393.476,393.476,393.476,393.476,393.476,393.476,393.476,393.476,393.476,393.476,393.476,137,137,137,137,137,137,137,137,137,137,137,0,0,0,0,0,0,0,0,0,0,0,0,0,0,0,0,0,0,0,0,0,0,0,0,0,0,0,0,0,0,0,0,0,95.43248,97.65155072,100.6331389,101.165644,101.1949558,101.1963901,101.1964599,101.1964633,101.1964634,101.1964634,101.1964634,59.8,59.8,59.8,59.8,59.8,59.8,59.8,59.8,59.8,59.8,59.8,0,0,0,0,0,0,0,0,0,0,0,35.63248,37.85155072,40.83313891,41.36564399,41.39495576,41.39639012,41.39645988,41.39646327,41.39646344,41.39646345,41.39646345,7.486,7.486,7.486,7.486,7.486,7.486,7.486,7.486,7.486,7.486,7.486,5.082,5.082,5.082,5.082,5.082,5.082,5.082,5.082,5.082,5.082,5.082,89.512,89.512,89.512,89.512,89.512,89.512,89.512,89.512,89.512,89.512,89.512,18.3103928,18.3103928,18.3103928,18.3103928,18.3103928,18.3103928,18.3103928,18.3103928,18.3103928,18.3103928,18.3103928,125.8513728,125.8513728,125.8513728,125.8513728,125.8513728,125.8513728,125.8513728,125.8513728,125.8513728,125.8513728,125.8513728,126.704,126.704,126.704,126.704,126.704,126.704,126.704,126.704,126.704,126.704,126.704,98.18898002,98.18898002,98.18898002,98.18898002,98.18898002,98.18898002,98.18898002,98.18898002,98.18898002,98.18898002,98.18898002,1.264554878,17.22376889,53.29996461,59.49084038,59.82939329,59.84595426,59.84675973,59.84679889,59.84680079,59.84680089,59.84680089,0.086,0.086,0.086,0.086,0.086,0.086,0.086,0.086,0.086,0.086,0.086,338.9282257,259.1321568,78.7511809,47.79680251,46.10403798,46.02123313,46.01720582,46.01701001,46.01700049,46.01700002,46.017,292.9112257,213.1151568,32.7341809,1.779802513,0.087037983,0.004233129,0.000205825,1.00E-05,4.87E-07,2.37E-08,1.15E-09,43.10705,43.10705,43.10705,43.10705,43.10705,43.10705,43.10705,43.10705,43.10705,43.10705,43.10705,470.56248,499.8675247,539.2423741,546.2746355,546.6617267,546.6806688,546.6815901,546.6816349,546.681637,546.6816371,546.6816372,1384.045706,1333.554682,1192.548555,1168.626438,1167.320765,1167.256902,1167.253796,1167.253645,1167.253638,1167.253637,1167.253637,1302.746583,1241.128799,1099.805607,1075.57461,1074.24971,1074.1849,1074.181748,1074.181595,1074.181588,1074.181587,1074.181587,63.006,63.006,63.006,63.006,63.006,63.006,63.006,63.006,63.006,63.006,63.006,300.5003728,300.5003728,300.5003728,300.5003728,300.5003728,300.5003728,300.5003728,300.5003728,300.5003728,300.5003728,300.5003728,240.209,240.209,240.209,240.209,240.209,240.209,240.209,240.209,240.209,240.209,240.209,153.3,153.3,153.3,153.3,153.3,153.3,153.3,153.3,153.3,153.3,153.3,108.57,108.57,108.57,108.57,108.57,108.57,108.57,108.57,108.57,108.57,108.57,342.0837806,278.2469257,133.9421455,109.1786429,107.8244313,107.7581874,107.7549656,107.7548089,107.7548013,107.7548009,107.7548009
