Simulation;Scen 1 Ratio of EVs;SAVEPER;Scen 2 New industry establishment NIE;Scen 3 New houses;Scen 3 ratio New houses DHP user;Scen 4 Goal ratio DHP users apartment buildings;Scen 4 Goal ratio DHP users small houses;Scen 5 Large solar panel projects;Scen 6 Large wind mill projects;T0 CGP use of wastes;T1 CGP use of wastes;T2 CGP use of wastes;T3 CGP use of wastes;T4 CGP use of wastes;T5 CGP use of wastes;T6 CGP use of wastes;T7 CGP use of wastes;T8 CGP use of wastes;T9 CGP use of wastes;T10 CGP use of wastes;T0 electic energy import;T1 electic energy import;T2 electic energy import;T3 electic energy import;T4 electic energy import;T5 electic energy import;T6 electic energy import;T7 electic energy import;T8 electic energy import;T9 electic energy import;T10 electic energy import;T0 bio fuels biodrivmedel;T1 bio fuels biodrivmedel;T2 bio fuels biodrivmedel;T3 bio fuels biodrivmedel;T4 bio fuels biodrivmedel;T5 bio fuels biodrivmedel;T6 bio fuels biodrivmedel;T7 bio fuels biodrivmedel;T8 bio fuels biodrivmedel;T9 bio fuels biodrivmedel;T10 bio fuels biodrivmedel;T0 Bio gas;T1 Bio gas;T2 Bio gas;T3 Bio gas;T4 Bio gas;T5 Bio gas;T6 Bio gas;T7 Bio gas;T8 Bio gas;T9 Bio gas;T10 Bio gas;T0 CGP internal losses;T1 CGP internal losses;T2 CGP internal losses;T3 CGP internal losses;T4 CGP internal losses;T5 CGP internal losses;T6 CGP internal losses;T7 CGP internal losses;T8 CGP internal losses;T9 CGP internal losses;T10 CGP internal losses;T0 CGP output excl Electric production;T1 CGP output excl Electric production;T2 CGP output excl Electric production;T3 CGP output excl Electric production;T4 CGP output excl Electric production;T5 CGP output excl Electric production;T6 CGP output excl Electric production;T7 CGP output excl Electric production;T8 CGP output excl Electric production;T9 CGP output excl Electric production;T10 CGP output excl Electric production;T0 CGP total energy output to users;T1 CGP total energy output to users;T2 CGP total energy output to users;T3 CGP total energy output to users;T4 CGP total energy output to users;T5 CGP total energy output to users;T6 CGP total energy output to users;T7 CGP total energy output to users;T8 CGP total energy output to users;T9 CGP total energy output to users;T10 CGP total energy output to users;T0 DHP homes;T1 DHP homes;T2 DHP homes;T3 DHP homes;T4 DHP homes;T5 DHP homes;T6 DHP homes;T7 DHP homes;T8 DHP homes;T9 DHP homes;T10 DHP homes;T0 DHP internal losses;T1 DHP internal losses;T2 DHP internal losses;T3 DHP internal losses;T4 DHP internal losses;T5 DHP internal losses;T6 DHP internal losses;T7 DHP internal losses;T8 DHP internal losses;T9 DHP internal losses;T10 DHP internal losses;T0 DHP output;T1 DHP output;T2 DHP output;T3 DHP output;T4 DHP output;T5 DHP output;T6 DHP output;T7 DHP output;T8 DHP output;T9 DHP output;T10 DHP output;T0 DHP sum input energy;T1 DHP sum input energy;T2 DHP sum input energy;T3 DHP sum input energy;T4 DHP sum input energy;T5 DHP sum input energy;T6 DHP sum input energy;T7 DHP sum input energy;T8 DHP sum input energy;T9 DHP sum input energy;T10 DHP sum input energy;T0 distribution losses;T1 distribution losses;T2 distribution losses;T3 distribution losses;T4 distribution losses;T5 distribution losses;T6 distribution losses;T7 distribution losses;T8 distribution losses;T9 distribution losses;T10 distribution losses;T0 distribution losses CGP;T1 distribution losses CGP;T2 distribution losses CGP;T3 distribution losses CGP;T4 distribution losses CGP;T5 distribution losses CGP;T6 distribution losses CGP;T7 distribution losses CGP;T8 distribution losses CGP;T9 distribution losses CGP;T10 distribution losses CGP;T0 distribution losses DHP;T1 distribution losses DHP;T2 distribution losses DHP;T3 distribution losses DHP;T4 distribution losses DHP;T5 distribution losses DHP;T6 distribution losses DHP;T7 distribution losses DHP;T8 distribution losses DHP;T9 distribution losses DHP;T10 distribution losses DHP;T0 distribution losses from EEP;T1 distribution losses from EEP;T2 distribution losses from EEP;T3 distribution losses from EEP;T4 distribution losses from EEP;T5 distribution losses from EEP;T6 distribution losses from EEP;T7 distribution losses from EEP;T8 distribution losses from EEP;T9 distribution losses from EEP;T10 distribution losses from EEP;T0 electric energy solar;T1 electric energy solar;T2 electric energy solar;T3 electric energy solar;T4 electric energy solar;T5 electric energy solar;T6 electric energy solar;T7 electric energy solar;T8 electric energy solar;T9 electric energy solar;T10 electric energy solar;T0 electric energy water;T1 electric energy water;T2 electric energy water;T3 electric energy water;T4 electric energy water;T5 electric energy water;T6 electric energy water;T7 electric energy water;T8 electric energy water;T9 electric energy water;T10 electric energy water;T0 electric energy wind;T1 electric energy wind;T2 electric energy wind;T3 electric energy wind;T4 electric energy wind;T5 electric energy wind;T6 electric energy wind;T7 electric energy wind;T8 electric energy wind;T9 electric energy wind;T10 electric energy wind;T0 electricity apartment buildings;T1 electricity apartment buildings;T2 electricity apartment buildings;T3 electricity apartment buildings;T4 electricity apartment buildings;T5 electricity apartment buildings;T6 electricity apartment buildings;T7 electricity apartment buildings;T8 electricity apartment buildings;T9 electricity apartment buildings;T10 electricity apartment buildings;T0 electricity homes;T1 electricity homes;T2 electricity homes;T3 electricity homes;T4 electricity homes;T5 electricity homes;T6 electricity homes;T7 electricity homes;T8 electricity homes;T9 electricity homes;T10 electricity homes;T0 electricity Industry;T1 electricity Industry;T2 electricity Industry;T3 electricity Industry;T4 electricity Industry;T5 electricity Industry;T6 electricity Industry;T7 electricity Industry;T8 electricity Industry;T9 electricity Industry;T10 electricity Industry;T0 electricity small houses;T1 electricity small houses;T2 electricity small houses;T3 electricity small houses;T4 electricity small houses;T5 electricity small houses;T6 electricity small houses;T7 electricity small houses;T8 electricity small houses;T9 electricity small houses;T10 electricity small houses;T0 electricity Transports;T1 electricity Transports;T2 electricity Transports;T3 electricity Transports;T4 electricity Transports;T5 electricity Transports;T6 electricity Transports;T7 electricity Transports;T8 electricity Transports;T9 electricity Transports;T10 electricity Transports;T0 oil homes;T1 oil homes;T2 oil homes;T3 oil homes;T4 oil homes;T5 oil homes;T6 oil homes;T7 oil homes;T8 oil homes;T9 oil homes;T10 oil homes;T0 Oil products;T1 Oil products;T2 Oil products;T3 Oil products;T4 Oil products;T5 Oil products;T6 Oil products;T7 Oil products;T8 Oil products;T9 Oil products;T10 Oil products;T0 oil transports;T1 oil transports;T2 oil transports;T3 oil transports;T4 oil transports;T5 oil transports;T6 oil transports;T7 oil transports;T8 oil transports;T9 oil transports;T10 oil transports;T0 sum bio fuels green;T1 sum bio fuels green;T2 sum bio fuels green;T3 sum bio fuels green;T4 sum bio fuels green;T5 sum bio fuels green;T6 sum bio fuels green;T7 sum bio fuels green;T8 sum bio fuels green;T9 sum bio fuels green;T10 sum bio fuels green;T0 sum electric energy production EEP;T1 sum electric energy production EEP;T2 sum electric energy production EEP;T3 sum electric energy production EEP;T4 sum electric energy production EEP;T5 sum electric energy production EEP;T6 sum electric energy production EEP;T7 sum electric energy production EEP;T8 sum electric energy production EEP;T9 sum electric energy production EEP;T10 sum electric energy production EEP;T0 sum energy production;T1 sum energy production;T2 sum energy production;T3 sum energy production;T4 sum energy production;T5 sum energy production;T6 sum energy production;T7 sum energy production;T8 sum energy production;T9 sum energy production;T10 sum energy production;T0 sum energy usage;T1 sum energy usage;T2 sum energy usage;T3 sum energy usage;T4 sum energy usage;T5 sum energy usage;T6 sum energy usage;T7 sum energy usage;T8 sum energy usage;T9 sum energy usage;T10 sum energy usage;T0 sum energy use Agriculture and forrestry;T1 sum energy use Agriculture and forrestry;T2 sum energy use Agriculture and forrestry;T3 sum energy use Agriculture and forrestry;T4 sum energy use Agriculture and forrestry;T5 sum energy use Agriculture and forrestry;T6 sum energy use Agriculture and forrestry;T7 sum energy use Agriculture and forrestry;T8 sum energy use Agriculture and forrestry;T9 sum energy use Agriculture and forrestry;T10 sum energy use Agriculture and forrestry;T0 sum energy use homes;T1 sum energy use homes;T2 sum energy use homes;T3 sum energy use homes;T4 sum energy use homes;T5 sum energy use homes;T6 sum energy use homes;T7 sum energy use homes;T8 sum energy use homes;T9 sum energy use homes;T10 sum energy use homes;T0 sum energy use Industry;T1 sum energy use Industry;T2 sum energy use Industry;T3 sum energy use Industry;T4 sum energy use Industry;T5 sum energy use Industry;T6 sum energy use Industry;T7 sum energy use Industry;T8 sum energy use Industry;T9 sum energy use Industry;T10 sum energy use Industry;T0 sum energy use others;T1 sum energy use others;T2 sum energy use others;T3 sum energy use others;T4 sum energy use others;T5 sum energy use others;T6 sum energy use others;T7 sum energy use others;T8 sum energy use others;T9 sum energy use others;T10 sum energy use others;T0 sum energy use Public;T1 sum energy use Public;T2 sum energy use Public;T3 sum energy use Public;T4 sum energy use Public;T5 sum energy use Public;T6 sum energy use Public;T7 sum energy use Public;T8 sum energy use Public;T9 sum energy use Public;T10 sum energy use Public;T0 sum energy use Transports;T1 sum energy use Transports;T2 sum energy use Transports;T3 sum energy use Transports;T4 sum energy use Transports;T5 sum energy use Transports;T6 sum energy use Transports;T7 sum energy use Transports;T8 sum energy use Transports;T9 sum energy use Transports;T10 sum energy use Transports
1;0;12;0;0;1;1;0.300000012;0;0;0;0;0;0;0;0;0;0;0;0;0;29.33778;29.89882441;29.87519985;29.85398088;29.83481784;29.81742572;29.80156985;29.7870553;29.77371874;29.76142236;29.75004903;34.867;34.867;34.867;34.867;34.867;34.867;34.867;34.867;34.867;34.867;34.867;2.583;2.583;2.583;2.583;2.583;2.583;2.583;2.583;2.583;2.583;2.583;0;0;0;0;0;0;0;0;0;0;0;0;0;0;0;0;0;0;0;0;0;0;0;0;0;0;0;0;0;0;0;0;0;46.493;46.493;46.493;46.493;46.493;46.493;46.493;46.493;46.493;46.493;46.493;3.504;3.504;3.504;3.504;3.504;3.504;3.504;3.504;3.504;3.504;3.504;95.433;95.433;95.433;95.433;95.433;95.433;95.433;95.433;95.433;95.433;95.433;98.937;98.937;98.937;98.937;98.937;98.937;98.937;98.937;98.937;98.937;98.937;30.73428;30.77583884;30.77408888;30.7725171;30.77109762;30.76980931;30.7686348;30.76755965;30.76657176;30.76566092;30.76481845;0;0;0;0;0;0;0;0;0;0;0;14.731;14.731;14.731;14.731;14.731;14.731;14.731;14.731;14.731;14.731;14.731;16.00328;16.04483884;16.04308888;16.0415171;16.04009762;16.03880931;16.0376348;16.03655965;16.03557176;16.03466092;16.03381845;3.4105;3.4105;3.4105;3.4105;3.4105;3.4105;3.4105;3.4105;3.4105;3.4105;3.4105;2.501;2.501;2.501;2.501;2.501;2.501;2.501;2.501;2.501;2.501;2.501;180.795;180.795;180.795;180.795;180.795;180.795;180.795;180.795;180.795;180.795;180.795;10.48020357;10.48020357;10.48020357;10.48020357;10.48020357;10.48020357;10.48020357;10.48020357;10.48020357;10.48020357;10.48020357;61.40665812;61.40665812;61.40665812;61.40665812;61.40665812;61.40665812;61.40665812;61.40665812;61.40665812;61.40665812;61.40665812;62.837;62.837;62.837;62.837;62.837;62.837;62.837;62.837;62.837;62.837;62.837;48.32945455;48.32945455;48.32945455;48.32945455;48.32945455;48.32945455;48.32945455;48.32945455;48.32945455;48.32945455;48.32945455;0.636863595;0.612411506;0.590580337;0.570970102;0.55325827;0.53718188;0.522524398;0.509105902;0.496775655;0.485406423;0.47489006;0.069;0.069;0.069;0.069;0.069;0.069;0.069;0.069;0.069;0.069;0.069;121.8396821;121.9619425;122.0710983;122.1691495;122.2577087;122.3380906;122.411378;122.4784705;122.5401217;122.5969679;122.6495497;105.8066821;105.9289425;106.0380983;106.1361495;106.2247087;106.3050906;106.378378;106.4454705;106.5071217;106.5639679;106.6165497;125.1221355;125.1221355;125.1221355;125.1221355;125.1221355;125.1221355;125.1221355;125.1221355;125.1221355;125.1221355;125.1221355;216.04428;216.6053244;216.5816998;216.5604809;216.5413178;216.5239257;216.5080699;216.4935553;216.4802187;216.4679224;216.456549;500.5690975;501.2524024;501.3379337;501.4147659;501.484162;501.5471518;501.6045833;501.6571613;501.705476;501.7500257;501.7912342;497.6086192;497.7479864;497.8335611;497.9104303;497.9798581;498.0428754;498.1003308;498.1529296;498.2012627;498.2458288;498.2870518;23.585;23.585;23.585;23.585;23.585;23.585;23.585;23.585;23.585;23.585;23.585;134.3747936;134.3747936;134.3747936;134.3747936;134.3747936;134.3747936;134.3747936;134.3747936;134.3747936;134.3747936;134.3747936;95.391;95.391;95.391;95.391;95.391;95.391;95.391;95.391;95.391;95.391;95.391;65.101;65.101;65.101;65.101;65.101;65.101;65.101;65.101;65.101;65.101;65.101;21.276;21.276;21.276;21.276;21.276;21.276;21.276;21.276;21.276;21.276;21.276;127.1465457;127.244354;127.3316787;127.4101196;127.4809669;127.5452725;127.6039024;127.6575764;127.7068974;127.7523743;127.7944398
2;0.05;12;0;0;1;1;0.300000012;0;0;0;0;0;0;0;0;0;0;0;0;0;29.33778;29.96654208;30.00988214;30.05357553;30.09713365;30.14007385;30.18194056;30.22232388;30.26087421;30.29731185;30.33143135;34.867;34.867;34.867;34.867;34.867;34.867;34.867;34.867;34.867;34.867;34.867;2.583;2.583;2.583;2.583;2.583;2.583;2.583;2.583;2.583;2.583;2.583;0;0;0;0;0;0;0;0;0;0;0;0;0;0;0;0;0;0;0;0;0;0;0;0;0;0;0;0;0;0;0;0;0;46.493;46.493;46.493;46.493;46.493;46.493;46.493;46.493;46.493;46.493;46.493;3.504;3.504;3.504;3.504;3.504;3.504;3.504;3.504;3.504;3.504;3.504;95.433;95.433;95.433;95.433;95.433;95.433;95.433;95.433;95.433;95.433;95.433;98.937;98.937;98.937;98.937;98.937;98.937;98.937;98.937;98.937;98.937;98.937;30.73428;30.78085497;30.78406534;30.78730189;30.79052842;30.79370917;30.79681041;30.79980177;30.80265735;30.80535643;30.8078838;0;0;0;0;0;0;0;0;0;0;0;14.731;14.731;14.731;14.731;14.731;14.731;14.731;14.731;14.731;14.731;14.731;16.00328;16.04985497;16.05306534;16.05630189;16.05952842;16.06270917;16.06581041;16.06880177;16.07165735;16.07435643;16.0768838;3.4105;3.4105;3.4105;3.4105;3.4105;3.4105;3.4105;3.4105;3.4105;3.4105;3.4105;2.501;2.501;2.501;2.501;2.501;2.501;2.501;2.501;2.501;2.501;2.501;180.795;180.795;180.795;180.795;180.795;180.795;180.795;180.795;180.795;180.795;180.795;10.48020357;10.48020357;10.48020357;10.48020357;10.48020357;10.48020357;10.48020357;10.48020357;10.48020357;10.48020357;10.48020357;61.40665812;61.40665812;61.40665812;61.40665812;61.40665812;61.40665812;61.40665812;61.40665812;61.40665812;61.40665812;61.40665812;62.837;62.837;62.837;62.837;62.837;62.837;62.837;62.837;62.837;62.837;62.837;48.32945455;48.32945455;48.32945455;48.32945455;48.32945455;48.32945455;48.32945455;48.32945455;48.32945455;48.32945455;48.32945455;0.636863595;0.676245749;0.71638532;0.756843976;0.797169221;0.836914447;0.875658443;0.913022575;0.948684229;0.982385638;1.013937832;0.069;0.069;0.069;0.069;0.069;0.069;0.069;0.069;0.069;0.069;0.069;121.8396821;121.6427713;121.4420734;121.2397802;121.0381539;120.8394278;120.6457078;120.4588872;120.2805789;120.1120719;119.9543109;105.8066821;105.6097713;105.4090734;105.2067802;105.0051539;104.8064278;104.6127078;104.4258872;104.2475789;104.0790719;103.9213109;125.1221355;125.1221355;125.1221355;125.1221355;125.1221355;125.1221355;125.1221355;125.1221355;125.1221355;125.1221355;125.1221355;216.04428;216.6730421;216.7163821;216.7600755;216.8036336;216.8465738;216.8884406;216.9288239;216.9673742;217.0038118;217.0379313;500.5690975;501.0009488;500.843591;500.6849912;500.5269231;500.3711371;500.2192839;500.0728465;499.9330886;499.8010192;499.6773777;497.6086192;497.4976656;497.3403177;497.1817196;497.0236452;496.867845;496.7159703;496.5695051;496.4297141;496.2976075;496.1739261;23.585;23.585;23.585;23.585;23.585;23.585;23.585;23.585;23.585;23.585;23.585;134.3747936;134.3747936;134.3747936;134.3747936;134.3747936;134.3747936;134.3747936;134.3747936;134.3747936;134.3747936;134.3747936;95.391;95.391;95.391;95.391;95.391;95.391;95.391;95.391;95.391;95.391;95.391;65.101;65.101;65.101;65.101;65.101;65.101;65.101;65.101;65.101;65.101;65.101;21.276;21.276;21.276;21.276;21.276;21.276;21.276;21.276;21.276;21.276;21.276;127.1465457;126.989017;126.8284588;126.6666241;126.5053232;126.3463423;126.1913663;126.0419098;125.8992631;125.7644575;125.6382487
3;0.1;12;0;0;1;1;0.300000012;0;0;0;0;0;0;0;0;0;0;0;0;0;29.33778;30.04436356;30.18540707;30.3432118;30.51278621;30.68728347;30.85902066;31.0207841;31.16697327;31.29422476;31.40142489;34.867;34.867;34.867;34.867;34.867;34.867;34.867;34.867;34.867;34.867;34.867;2.583;2.583;2.583;2.583;2.583;2.583;2.583;2.583;2.583;2.583;2.583;0;0;0;0;0;0;0;0;0;0;0;0;0;0;0;0;0;0;0;0;0;0;0;0;0;0;0;0;0;0;0;0;0;46.493;46.493;46.493;46.493;46.493;46.493;46.493;46.493;46.493;46.493;46.493;3.504;3.504;3.504;3.504;3.504;3.504;3.504;3.504;3.504;3.504;3.504;95.433;95.433;95.433;95.433;95.433;95.433;95.433;95.433;95.433;95.433;95.433;98.937;98.937;98.937;98.937;98.937;98.937;98.937;98.937;98.937;98.937;98.937;30.73428;30.78661952;30.79706719;30.80875643;30.8213175;30.83424322;30.84696449;30.85894697;30.8697758;30.87920183;30.88714258;0;0;0;0;0;0;0;0;0;0;0;14.731;14.731;14.731;14.731;14.731;14.731;14.731;14.731;14.731;14.731;14.731;16.00328;16.05561952;16.06606719;16.07775643;16.0903175;16.10324322;16.11596449;16.12794697;16.1387758;16.14820183;16.15614258;3.4105;3.4105;3.4105;3.4105;3.4105;3.4105;3.4105;3.4105;3.4105;3.4105;3.4105;2.501;2.501;2.501;2.501;2.501;2.501;2.501;2.501;2.501;2.501;2.501;180.795;180.795;180.795;180.795;180.795;180.795;180.795;180.795;180.795;180.795;180.795;10.48020357;10.48020357;10.48020357;10.48020357;10.48020357;10.48020357;10.48020357;10.48020357;10.48020357;10.48020357;10.48020357;61.40665812;61.40665812;61.40665812;61.40665812;61.40665812;61.40665812;61.40665812;61.40665812;61.40665812;61.40665812;61.40665812;62.837;62.837;62.837;62.837;62.837;62.837;62.837;62.837;62.837;62.837;62.837;48.32945455;48.32945455;48.32945455;48.32945455;48.32945455;48.32945455;48.32945455;48.32945455;48.32945455;48.32945455;48.32945455;0.636863595;0.749779648;0.880683639;1.027042796;1.184198949;1.345788728;1.504695097;1.654257223;1.789323267;1.90681795;2.00574479;0.069;0.069;0.069;0.069;0.069;0.069;0.069;0.069;0.069;0.069;0.069;121.8396821;121.2751018;120.6205819;119.8887861;119.1030053;118.2950564;117.5005246;116.752714;116.0773838;115.4899104;114.9952762;105.8066821;105.2421018;104.5875819;103.8557861;103.0700053;102.2620564;101.4675246;100.719714;100.0443838;99.45691038;98.96227618;125.1221355;125.1221355;125.1221355;125.1221355;125.1221355;125.1221355;125.1221355;125.1221355;125.1221355;125.1221355;125.1221355;216.04428;216.7508636;216.8919071;217.0497118;217.2192862;217.3937835;217.5655207;217.7272841;217.8734733;218.0007248;218.1079249;500.5690975;500.7111008;500.1976244;499.6236333;499.007427;498.3739754;497.7511807;497.1651336;496.6359925;496.1757706;495.7883365;497.6086192;497.2092946;496.6961263;496.1223789;495.5063154;494.872882;494.2499778;493.6637118;493.1342764;492.6737237;492.2859571;23.585;23.585;23.585;23.585;23.585;23.585;23.585;23.585;23.585;23.585;23.585;134.3747936;134.3747936;134.3747936;134.3747936;134.3747936;134.3747936;134.3747936;134.3747936;134.3747936;134.3747936;134.3747936;95.391;95.391;95.391;95.391;95.391;95.391;95.391;95.391;95.391;95.391;95.391;65.101;65.101;65.101;65.101;65.101;65.101;65.101;65.101;65.101;65.101;65.101;21.276;21.276;21.276;21.276;21.276;21.276;21.276;21.276;21.276;21.276;21.276;127.1465457;126.6948814;126.1712655;125.5858289;124.9572043;124.3108452;123.6752197;123.0769712;122.536707;122.0667283;121.671021
4;0.15;12;0;0;1;1;0.300000012;0;0;0;0;0;0;0;0;0;0;0;0;0;29.33778;30.1337187;30.41260809;30.75388795;31.1367926;31.52669963;31.8864133;32.1892597;32.42518771;32.59810566;32.71925349;34.867;34.867;34.867;34.867;34.867;34.867;34.867;34.867;34.867;34.867;34.867;2.583;2.583;2.583;2.583;2.583;2.583;2.583;2.583;2.583;2.583;2.583;0;0;0;0;0;0;0;0;0;0;0;0;0;0;0;0;0;0;0;0;0;0;0;0;0;0;0;0;0;0;0;0;0;46.493;46.493;46.493;46.493;46.493;46.493;46.493;46.493;46.493;46.493;46.493;3.504;3.504;3.504;3.504;3.504;3.504;3.504;3.504;3.504;3.504;3.504;95.433;95.433;95.433;95.433;95.433;95.433;95.433;95.433;95.433;95.433;95.433;98.937;98.937;98.937;98.937;98.937;98.937;98.937;98.937;98.937;98.937;98.937;30.73428;30.79323842;30.8138969;30.83917688;30.86754019;30.89642219;30.92306765;30.94550072;30.96297687;30.9757856;30.98475952;0;0;0;0;0;0;0;0;0;0;0;14.731;14.731;14.731;14.731;14.731;14.731;14.731;14.731;14.731;14.731;14.731;16.00328;16.06223842;16.0828969;16.10817688;16.13654019;16.16542219;16.19206765;16.21450072;16.23197687;16.2447856;16.25375952;3.4105;3.4105;3.4105;3.4105;3.4105;3.4105;3.4105;3.4105;3.4105;3.4105;3.4105;2.501;2.501;2.501;2.501;2.501;2.501;2.501;2.501;2.501;2.501;2.501;180.795;180.795;180.795;180.795;180.795;180.795;180.795;180.795;180.795;180.795;180.795;10.48020357;10.48020357;10.48020357;10.48020357;10.48020357;10.48020357;10.48020357;10.48020357;10.48020357;10.48020357;10.48020357;61.40665812;61.40665812;61.40665812;61.40665812;61.40665812;61.40665812;61.40665812;61.40665812;61.40665812;61.40665812;61.40665812;62.837;62.837;62.837;62.837;62.837;62.837;62.837;62.837;62.837;62.837;62.837;48.32945455;48.32945455;48.32945455;48.32945455;48.32945455;48.32945455;48.32945455;48.32945455;48.32945455;48.32945455;48.32945455;0.636863595;0.834409363;1.093757534;1.410670806;1.765642454;2.12645962;2.458757944;2.738092906;2.955432142;3.114574312;3.225994324;0.069;0.069;0.069;0.069;0.069;0.069;0.069;0.069;0.069;0.069;0.069;121.8396821;120.8519532;119.5552124;117.9706461;116.1957878;114.391702;112.7302104;111.3335357;110.2468395;109.4511287;108.8940286;105.8066821;104.8189532;103.5222124;101.9376461;100.1627878;98.35870204;96.69721045;95.30053566;94.2138395;93.41812866;92.86102861;125.1221355;125.1221355;125.1221355;125.1221355;125.1221355;125.1221355;125.1221355;125.1221355;125.1221355;125.1221355;125.1221355;216.04428;216.8402187;217.1191081;217.4603879;217.8432926;218.2331996;218.5929133;218.8957597;219.1316877;219.3046057;219.4257535;500.5690975;500.3773074;499.359456;498.1161695;496.7242159;495.3100371;494.0082592;492.9144308;492.0636627;491.4408698;491.0049176;497.6086192;496.8773946;495.8606604;494.6182873;493.2267641;491.8123774;490.5098296;489.4149229;488.5630421;487.9392822;487.502576;23.585;23.585;23.585;23.585;23.585;23.585;23.585;23.585;23.585;23.585;23.585;134.3747936;134.3747936;134.3747936;134.3747936;134.3747936;134.3747936;134.3747936;134.3747936;134.3747936;134.3747936;134.3747936;95.391;95.391;95.391;95.391;95.391;95.391;95.391;95.391;95.391;95.391;95.391;65.101;65.101;65.101;65.101;65.101;65.101;65.101;65.101;65.101;65.101;65.101;21.276;21.276;21.276;21.276;21.276;21.276;21.276;21.276;21.276;21.276;21.276;127.1465457;126.3563626;125.3189699;124.0513169;122.6314303;121.1881617;119.8589684;118.7416286;117.8722716;117.235703;116.7900229
5;0.2;12;0;0;1;1;0.300000012;0;0;0;0;0;0;0;0;0;0;0;0;0;29.33778;30.23621926;30.70431155;31.31945435;32.01176708;32.66710736;33.19322293;33.56244247;33.79775831;33.93864638;34.01986137;34.867;34.867;34.867;34.867;34.867;34.867;34.867;34.867;34.867;34.867;34.867;2.583;2.583;2.583;2.583;2.583;2.583;2.583;2.583;2.583;2.583;2.583;0;0;0;0;0;0;0;0;0;0;0;0;0;0;0;0;0;0;0;0;0;0;0;0;0;0;0;0;0;0;0;0;0;46.493;46.493;46.493;46.493;46.493;46.493;46.493;46.493;46.493;46.493;46.493;3.504;3.504;3.504;3.504;3.504;3.504;3.504;3.504;3.504;3.504;3.504;95.433;95.433;95.433;95.433;95.433;95.433;95.433;95.433;95.433;95.433;95.433;98.937;98.937;98.937;98.937;98.937;98.937;98.937;98.937;98.937;98.937;98.937;30.73428;30.80083106;30.83550456;30.88107069;30.93235312;30.98089684;31.01986836;31.04721796;31.06464876;31.07508492;31.08110084;0;0;0;0;0;0;0;0;0;0;0;14.731;14.731;14.731;14.731;14.731;14.731;14.731;14.731;14.731;14.731;14.731;16.00328;16.06983106;16.10450456;16.15007069;16.20135312;16.24989684;16.28886836;16.31621796;16.33364876;16.34408492;16.35010084;3.4105;3.4105;3.4105;3.4105;3.4105;3.4105;3.4105;3.4105;3.4105;3.4105;3.4105;2.501;2.501;2.501;2.501;2.501;2.501;2.501;2.501;2.501;2.501;2.501;180.795;180.795;180.795;180.795;180.795;180.795;180.795;180.795;180.795;180.795;180.795;10.48020357;10.48020357;10.48020357;10.48020357;10.48020357;10.48020357;10.48020357;10.48020357;10.48020357;10.48020357;10.48020357;61.40665812;61.40665812;61.40665812;61.40665812;61.40665812;61.40665812;61.40665812;61.40665812;61.40665812;61.40665812;61.40665812;62.837;62.837;62.837;62.837;62.837;62.837;62.837;62.837;62.837;62.837;62.837;48.32945455;48.32945455;48.32945455;48.32945455;48.32945455;48.32945455;48.32945455;48.32945455;48.32945455;48.32945455;48.32945455;0.636863595;0.931711263;1.367779823;1.939410049;2.580810904;3.186064761;3.670637645;4.009994436;4.225972742;4.355169427;4.429606231;0.069;0.069;0.069;0.069;0.069;0.069;0.069;0.069;0.069;0.069;0.069;121.8396821;120.3654437;118.185101;115.3269499;112.1199457;109.0936764;106.670812;104.9740281;103.8941366;103.2481532;102.8759692;105.8066821;104.3324437;102.152101;99.29394989;96.08694566;93.06067642;90.63781203;88.9410281;87.86113659;87.21515318;86.84296916;125.1221355;125.1221355;125.1221355;125.1221355;125.1221355;125.1221355;125.1221355;125.1221355;125.1221355;125.1221355;125.1221355;216.04428;216.9427193;217.4108115;218.0259543;218.7182671;219.3736074;219.8997229;220.2689425;220.5042583;220.6451464;220.7263614;500.5690975;499.9932985;498.281048;496.0380397;493.5233482;491.1524192;489.2556704;487.928106;487.0835304;486.578435;486.287466;497.6086192;496.4957796;494.7861789;492.5452242;490.0309033;487.6584316;485.7591116;484.4290341;483.5825517;483.0762011;482.7844698;23.585;23.585;23.585;23.585;23.585;23.585;23.585;23.585;23.585;23.585;23.585;134.3747936;134.3747936;134.3747936;134.3747936;134.3747936;134.3747936;134.3747936;134.3747936;134.3747936;134.3747936;134.3747936;95.391;95.391;95.391;95.391;95.391;95.391;95.391;95.391;95.391;95.391;95.391;65.101;65.101;65.101;65.101;65.101;65.101;65.101;65.101;65.101;65.101;65.101;21.276;21.276;21.276;21.276;21.276;21.276;21.276;21.276;21.276;21.276;21.276;127.1465457;125.967155;124.2228808;121.9363599;119.3707566;116.9497412;115.0114497;113.6540225;112.7901093;112.2733226;111.9755754
6;0.25;12;0;0;1;1;0.300000012;0;0;0;0;0;0;0;0;0;0;0;0;0;29.33778;30.35367663;31.07521429;32.07107239;33.14450075;34.03253364;34.61973569;34.95264818;35.12511257;35.21028957;35.25136402;34.867;34.867;34.867;34.867;34.867;34.867;34.867;34.867;34.867;34.867;34.867;2.583;2.583;2.583;2.583;2.583;2.583;2.583;2.583;2.583;2.583;2.583;0;0;0;0;0;0;0;0;0;0;0;0;0;0;0;0;0;0;0;0;0;0;0;0;0;0;0;0;0;0;0;0;0;46.493;46.493;46.493;46.493;46.493;46.493;46.493;46.493;46.493;46.493;46.493;3.504;3.504;3.504;3.504;3.504;3.504;3.504;3.504;3.504;3.504;3.504;95.433;95.433;95.433;95.433;95.433;95.433;95.433;95.433;95.433;95.433;95.433;98.937;98.937;98.937;98.937;98.937;98.937;98.937;98.937;98.937;98.937;98.937;30.73428;30.8095316;30.86297884;30.9367461;31.01625932;31.08203953;31.12553598;31.15019616;31.1629713;31.16928071;31.17232326;0;0;0;0;0;0;0;0;0;0;0;14.731;14.731;14.731;14.731;14.731;14.731;14.731;14.731;14.731;14.731;14.731;16.00328;16.0785316;16.13197884;16.2057461;16.28525932;16.35103953;16.39453598;16.41919616;16.4319713;16.43828071;16.44132326;3.4105;3.4105;3.4105;3.4105;3.4105;3.4105;3.4105;3.4105;3.4105;3.4105;3.4105;2.501;2.501;2.501;2.501;2.501;2.501;2.501;2.501;2.501;2.501;2.501;180.795;180.795;180.795;180.795;180.795;180.795;180.795;180.795;180.795;180.795;180.795;10.48020357;10.48020357;10.48020357;10.48020357;10.48020357;10.48020357;10.48020357;10.48020357;10.48020357;10.48020357;10.48020357;61.40665812;61.40665812;61.40665812;61.40665812;61.40665812;61.40665812;61.40665812;61.40665812;61.40665812;61.40665812;61.40665812;62.837;62.837;62.837;62.837;62.837;62.837;62.837;62.837;62.837;62.837;62.837;48.32945455;48.32945455;48.32945455;48.32945455;48.32945455;48.32945455;48.32945455;48.32945455;48.32945455;48.32945455;48.32945455;0.636863595;1.043459486;1.716682637;2.642190817;3.635027418;4.452653461;4.991442483;5.296250567;5.453968665;5.531815685;5.569344318;0.069;0.069;0.069;0.069;0.069;0.069;0.069;0.069;0.069;0.069;0.069;121.8396821;119.8067026;116.4405869;111.8130461;106.8488632;102.760733;100.0667879;98.54274754;97.75415706;97.36492197;97.17727881;105.8066821;103.7737026;100.4075869;95.7800461;90.81586316;86.72773301;84.03378794;82.50974754;81.72115706;81.33192197;81.14427881;125.1221355;125.1221355;125.1221355;125.1221355;125.1221355;125.1221355;125.1221355;125.1221355;125.1221355;125.1221355;125.1221355;216.04428;217.0601766;217.7817143;218.7775724;219.8510008;220.7390336;221.3262357;221.6591482;221.8316126;221.9167896;221.957864;500.5690975;499.5520147;496.9074367;493.2757539;489.3849994;486.1849021;484.0781591;482.8870312;482.2709051;481.966847;481.8202783;497.6086192;496.0574873;493.418042;489.7897766;485.8979435;482.6932196;480.58156;479.3869879;478.7688906;478.4638119;478.31674;23.585;23.585;23.585;23.585;23.585;23.585;23.585;23.585;23.585;23.585;23.585;134.3747936;134.3747936;134.3747936;134.3747936;134.3747936;134.3747936;134.3747936;134.3747936;134.3747936;134.3747936;134.3747936;95.391;95.391;95.391;95.391;95.391;95.391;95.391;95.391;95.391;95.391;95.391;65.101;65.101;65.101;65.101;65.101;65.101;65.101;65.101;65.101;65.101;65.101;21.276;21.276;21.276;21.276;21.276;21.276;21.276;21.276;21.276;21.276;21.276;127.1465457;125.5201621;122.8272696;119.1252369;115.1538906;111.8833865;109.7282304;108.5089981;107.8781257;107.5667377;107.4166231
7;0.3;12;0;0;1;1;0.300000012;0;0;0;0;0;0;0;0;0;0;0;0;0;29.33778;30.48811958;31.54145158;33.0290124;34.49207752;35.49835239;36.03216037;36.27678371;36.38132751;36.42466645;36.4424054;34.867;34.867;34.867;34.867;34.867;34.867;34.867;34.867;34.867;34.867;34.867;2.583;2.583;2.583;2.583;2.583;2.583;2.583;2.583;2.583;2.583;2.583;0;0;0;0;0;0;0;0;0;0;0;0;0;0;0;0;0;0;0;0;0;0;0;0;0;0;0;0;0;0;0;0;0;46.493;46.493;46.493;46.493;46.493;46.493;46.493;46.493;46.493;46.493;46.493;3.504;3.504;3.504;3.504;3.504;3.504;3.504;3.504;3.504;3.504;3.504;95.433;95.433;95.433;95.433;95.433;95.433;95.433;95.433;95.433;95.433;95.433;98.937;98.937;98.937;98.937;98.937;98.937;98.937;98.937;98.937;98.937;98.937;30.73428;30.81949034;30.89751493;31.00770462;31.11607982;31.1906187;31.23016003;31.24828027;31.25602426;31.25923455;31.26054855;0;0;0;0;0;0;0;0;0;0;0;14.731;14.731;14.731;14.731;14.731;14.731;14.731;14.731;14.731;14.731;14.731;16.00328;16.08849034;16.16651493;16.27670462;16.38507982;16.4596187;16.49916003;16.51728027;16.52502426;16.52823455;16.52954855;3.4105;3.4105;3.4105;3.4105;3.4105;3.4105;3.4105;3.4105;3.4105;3.4105;3.4105;2.501;2.501;2.501;2.501;2.501;2.501;2.501;2.501;2.501;2.501;2.501;180.795;180.795;180.795;180.795;180.795;180.795;180.795;180.795;180.795;180.795;180.795;10.48020357;10.48020357;10.48020357;10.48020357;10.48020357;10.48020357;10.48020357;10.48020357;10.48020357;10.48020357;10.48020357;61.40665812;61.40665812;61.40665812;61.40665812;61.40665812;61.40665812;61.40665812;61.40665812;61.40665812;61.40665812;61.40665812;62.837;62.837;62.837;62.837;62.837;62.837;62.837;62.837;62.837;62.837;62.837;48.32945455;48.32945455;48.32945455;48.32945455;48.32945455;48.32945455;48.32945455;48.32945455;48.32945455;48.32945455;48.32945455;0.636863595;1.171643575;2.155720504;3.537372893;4.88701871;5.809958147;6.297795718;6.520944301;6.616232235;6.655720387;6.67188085;0.069;0.069;0.069;0.069;0.069;0.069;0.069;0.069;0.069;0.069;0.069;121.8396821;119.1657822;114.2453976;107.3371358;100.5889068;95.97420968;93.53502187;92.41927897;91.9428393;91.74539855;91.66459623;105.8066821;103.1327822;98.21239763;91.30413578;84.5559068;79.94120968;77.50202187;76.38627897;75.9098393;75.71239855;75.63159623;125.1221355;125.1221355;125.1221355;125.1221355;125.1221355;125.1221355;125.1221355;125.1221355;125.1221355;125.1221355;125.1221355;216.04428;217.1946196;218.2479516;219.7355124;221.1985775;222.2048524;222.7386604;222.9832837;223.0878275;223.1311665;223.1489054;500.5690975;499.0455372;495.1784847;489.7577836;484.4726198;480.8641975;478.9588177;478.0876981;477.7158023;477.5617005;477.4986371;497.6086192;495.5547097;491.6964266;486.2800069;480.9897989;477.3725801;475.4607712;474.5862971;474.2128894;474.0581471;473.9948192;23.585;23.585;23.585;23.585;23.585;23.585;23.585;23.585;23.585;23.585;23.585;134.3747936;134.3747936;134.3747936;134.3747936;134.3747936;134.3747936;134.3747936;134.3747936;134.3747936;134.3747936;134.3747936;95.391;95.391;95.391;95.391;95.391;95.391;95.391;95.391;95.391;95.391;95.391;65.101;65.101;65.101;65.101;65.101;65.101;65.101;65.101;65.101;65.101;65.101;21.276;21.276;21.276;21.276;21.276;21.276;21.276;21.276;21.276;21.276;21.276;127.1465457;125.0074258;121.0711181;115.5445087;110.1459255;106.4541678;104.5028176;103.6102233;103.2290715;103.0711189;103.0064771
8;0.35;12;0;0;1;1;0.300000012;0;0;0;0;0;0;0;0;0;0;0;0;0;29.33778;30.64181178;32.11974786;34.19409496;35.97291665;36.95818634;37.37649577;37.53372369;37.59007374;37.60992261;37.61687145;34.867;34.867;34.867;34.867;34.867;34.867;34.867;34.867;34.867;34.867;34.867;2.583;2.583;2.583;2.583;2.583;2.583;2.583;2.583;2.583;2.583;2.583;0;0;0;0;0;0;0;0;0;0;0;0;0;0;0;0;0;0;0;0;0;0;0;0;0;0;0;0;0;0;0;0;0;46.493;46.493;46.493;46.493;46.493;46.493;46.493;46.493;46.493;46.493;46.493;3.504;3.504;3.504;3.504;3.504;3.504;3.504;3.504;3.504;3.504;3.504;95.433;95.433;95.433;95.433;95.433;95.433;95.433;95.433;95.433;95.433;95.433;98.937;98.937;98.937;98.937;98.937;98.937;98.937;98.937;98.937;98.937;98.937;30.73428;30.83087495;30.94035169;31.09400703;31.2257716;31.29875454;31.32974043;31.34138694;31.34556102;31.3470313;31.34754603;0;0;0;0;0;0;0;0;0;0;0;14.731;14.731;14.731;14.731;14.731;14.731;14.731;14.731;14.731;14.731;14.731;16.00328;16.09987495;16.20935169;16.36300703;16.4947716;16.56775454;16.59874043;16.61038694;16.61456102;16.6160313;16.61654603;3.4105;3.4105;3.4105;3.4105;3.4105;3.4105;3.4105;3.4105;3.4105;3.4105;3.4105;2.501;2.501;2.501;2.501;2.501;2.501;2.501;2.501;2.501;2.501;2.501;180.795;180.795;180.795;180.795;180.795;180.795;180.795;180.795;180.795;180.795;180.795;10.48020357;10.48020357;10.48020357;10.48020357;10.48020357;10.48020357;10.48020357;10.48020357;10.48020357;10.48020357;10.48020357;61.40665812;61.40665812;61.40665812;61.40665812;61.40665812;61.40665812;61.40665812;61.40665812;61.40665812;61.40665812;61.40665812;62.837;62.837;62.837;62.837;62.837;62.837;62.837;62.837;62.837;62.837;62.837;48.32945455;48.32945455;48.32945455;48.32945455;48.32945455;48.32945455;48.32945455;48.32945455;48.32945455;48.32945455;48.32945455;0.636863595;1.318485622;2.700624467;4.624718658;6.259999711;7.159924941;7.540741272;7.683682787;7.734886824;7.752919811;7.759232532;0.069;0.069;0.069;0.069;0.069;0.069;0.069;0.069;0.069;0.069;0.069;121.8396821;118.431572;111.5208779;101.900407;93.7240019;89.22437582;87.32029418;86.60558662;86.34956644;86.25940151;86.2278379;105.8066821;102.398572;95.48787785;85.86740704;77.6910019;73.19137582;71.28729418;70.57258662;70.31656644;70.22640151;70.1948379;125.1221355;125.1221355;125.1221355;125.1221355;125.1221355;125.1221355;125.1221355;125.1221355;125.1221355;125.1221355;125.1221355;216.04428;217.3483118;218.8262479;220.900595;222.6794167;223.6646863;224.0829958;224.2402237;224.2965737;224.3164226;224.3233715;500.5690975;498.4650192;493.0322612;485.4861375;479.088554;475.5741976;474.0884254;473.5309458;473.3312756;473.2609596;473.2363448;497.6086192;494.9787261;489.5596476;482.0169263;475.6075668;472.0808489;470.5885695;470.0284499;469.8278079;469.7571462;469.73241;23.585;23.585;23.585;23.585;23.585;23.585;23.585;23.585;23.585;23.585;23.585;134.3747936;134.3747936;134.3747936;134.3747936;134.3747936;134.3747936;134.3747936;134.3747936;134.3747936;134.3747936;134.3747936;95.391;95.391;95.391;95.391;95.391;95.391;95.391;95.391;95.391;95.391;95.391;65.101;65.101;65.101;65.101;65.101;65.101;65.101;65.101;65.101;65.101;65.101;21.276;21.276;21.276;21.276;21.276;21.276;21.276;21.276;21.276;21.276;21.276;127.1465457;124.4200576;118.8915023;111.1951257;104.6540016;101.0543008;99.53103546;98.95926941;98.75445326;98.68232132;98.65707043
9;0.4;12;0;0;1;1;0.300000012;0;0;0;0;0;0;0;0;0;0;0;0;0;29.33778;30.81726812;32.8260816;35.54290058;37.49818554;38.35836768;38.65383209;38.74638095;38.77451826;38.78299471;38.7855412;34.867;34.867;34.867;34.867;34.867;34.867;34.867;34.867;34.867;34.867;34.867;2.583;2.583;2.583;2.583;2.583;2.583;2.583;2.583;2.583;2.583;2.583;0;0;0;0;0;0;0;0;0;0;0;0;0;0;0;0;0;0;0;0;0;0;0;0;0;0;0;0;0;0;0;0;0;46.493;46.493;46.493;46.493;46.493;46.493;46.493;46.493;46.493;46.493;46.493;3.504;3.504;3.504;3.504;3.504;3.504;3.504;3.504;3.504;3.504;3.504;95.433;95.433;95.433;95.433;95.433;95.433;95.433;95.433;95.433;95.433;95.433;98.937;98.937;98.937;98.937;98.937;98.937;98.937;98.937;98.937;98.937;98.937;30.73428;30.84387171;30.99267271;31.19391856;31.33875448;31.40247168;31.42435793;31.4312134;31.43329765;31.43392553;31.43411416;0;0;0;0;0;0;0;0;0;0;0;14.731;14.731;14.731;14.731;14.731;14.731;14.731;14.731;14.731;14.731;14.731;16.00328;16.11287171;16.26167271;16.46291856;16.60775448;16.67147168;16.69335793;16.7002134;16.70229765;16.70292553;16.70311416;3.4105;3.4105;3.4105;3.4105;3.4105;3.4105;3.4105;3.4105;3.4105;3.4105;3.4105;2.501;2.501;2.501;2.501;2.501;2.501;2.501;2.501;2.501;2.501;2.501;180.795;180.795;180.795;180.795;180.795;180.795;180.795;180.795;180.795;180.795;180.795;10.48020357;10.48020357;10.48020357;10.48020357;10.48020357;10.48020357;10.48020357;10.48020357;10.48020357;10.48020357;10.48020357;61.40665812;61.40665812;61.40665812;61.40665812;61.40665812;61.40665812;61.40665812;61.40665812;61.40665812;61.40665812;61.40665812;62.837;62.837;62.837;62.837;62.837;62.837;62.837;62.837;62.837;62.837;62.837;48.32945455;48.32945455;48.32945455;48.32945455;48.32945455;48.32945455;48.32945455;48.32945455;48.32945455;48.32945455;48.32945455;0.636863595;1.486456154;3.366285363;5.881136359;7.671481706;8.453909833;8.721934236;8.805811003;8.831304485;8.838983803;8.84129076;0.069;0.069;0.069;0.069;0.069;0.069;0.069;0.069;0.069;0.069;0.069;121.8396821;117.5917193;108.1925734;95.61831863;86.66659203;82.75445145;81.41432945;80.99494563;80.86747822;80.82908163;80.81754684;105.8066821;101.5587193;92.15957342;79.58531863;70.63359203;66.72145145;65.38132945;64.96194563;64.83447822;64.79608163;64.78454684;125.1221355;125.1221355;125.1221355;125.1221355;125.1221355;125.1221355;125.1221355;125.1221355;125.1221355;125.1221355;125.1221355;216.04428;217.5237681;219.5325816;222.2494006;224.2046855;225.0648677;225.3603321;225.452881;225.4810183;225.4894947;225.4920412;500.5690975;497.8006229;490.4102905;480.5528547;473.556413;470.5044546;469.459797;469.132962;469.0336319;469.0037118;468.9947235;497.6086192;494.3198408;486.9493251;477.0911671;470.0746218;467.0086265;465.9584152;465.6297636;465.5298739;465.4997845;465.4907453;23.585;23.585;23.585;23.585;23.585;23.585;23.585;23.585;23.585;23.585;23.585;134.3747936;134.3747936;134.3747936;134.3747936;134.3747936;134.3747936;134.3747936;134.3747936;134.3747936;134.3747936;134.3747936;95.391;95.391;95.391;95.391;95.391;95.391;95.391;95.391;95.391;95.391;95.391;65.101;65.101;65.101;65.101;65.101;65.101;65.101;65.101;65.101;65.101;65.101;21.276;21.276;21.276;21.276;21.276;21.276;21.276;21.276;21.276;21.276;21.276;127.1465457;123.7481755;116.2288588;106.169455;99.00807373;95.87836128;94.80626369;94.47075663;94.3687827;94.33806543;94.3288376
10;0.45;12;0;0;1;1;0.300000012;0;0;0;0;0;0;0;0;0;0;0;0;0;29.33778;31.01726918;33.67388967;37.03037519;39.00085279;39.68923858;39.88340031;39.93470644;39.94802646;39.95146866;39.95235714;34.867;34.867;34.867;34.867;34.867;34.867;34.867;34.867;34.867;34.867;34.867;2.583;2.583;2.583;2.583;2.583;2.583;2.583;2.583;2.583;2.583;2.583;0;0;0;0;0;0;0;0;0;0;0;0;0;0;0;0;0;0;0;0;0;0;0;0;0;0;0;0;0;0;0;0;0;46.493;46.493;46.493;46.493;46.493;46.493;46.493;46.493;46.493;46.493;46.493;3.504;3.504;3.504;3.504;3.504;3.504;3.504;3.504;3.504;3.504;3.504;95.433;95.433;95.433;95.433;95.433;95.433;95.433;95.433;95.433;95.433;95.433;98.937;98.937;98.937;98.937;98.937;98.937;98.937;98.937;98.937;98.937;98.937;30.73428;30.85868661;31.05547331;31.30410187;31.45006317;31.50105471;31.51543706;31.51923751;31.52022418;31.52047916;31.52054497;0;0;0;0;0;0;0;0;0;0;0;14.731;14.731;14.731;14.731;14.731;14.731;14.731;14.731;14.731;14.731;14.731;16.00328;16.12768661;16.32447331;16.57310187;16.71906317;16.77005471;16.78443706;16.78823751;16.78922418;16.78947916;16.78954497;3.4105;3.4105;3.4105;3.4105;3.4105;3.4105;3.4105;3.4105;3.4105;3.4105;3.4105;2.501;2.501;2.501;2.501;2.501;2.501;2.501;2.501;2.501;2.501;2.501;180.795;180.795;180.795;180.795;180.795;180.795;180.795;180.795;180.795;180.795;180.795;10.48020357;10.48020357;10.48020357;10.48020357;10.48020357;10.48020357;10.48020357;10.48020357;10.48020357;10.48020357;10.48020357;61.40665812;61.40665812;61.40665812;61.40665812;61.40665812;61.40665812;61.40665812;61.40665812;61.40665812;61.40665812;61.40665812;62.837;62.837;62.837;62.837;62.837;62.837;62.837;62.837;62.837;62.837;62.837;48.32945455;48.32945455;48.32945455;48.32945455;48.32945455;48.32945455;48.32945455;48.32945455;48.32945455;48.32945455;48.32945455;0.636863595;1.678287815;4.1650012;7.263553186;9.060104231;9.683804032;9.859353327;9.905714213;9.91774851;9.920858325;9.921661004;0.069;0.069;0.069;0.069;0.069;0.069;0.069;0.069;0.069;0.069;0.069;121.8396821;116.632561;104.1989943;88.7062346;79.7234795;76.60498055;75.72723408;75.49542966;75.43525817;75.4197091;75.4156957;105.8066821;100.599561;88.1659943;72.6732346;63.6904795;60.57198055;59.69423408;59.46242966;59.40225817;59.3867091;59.3826957;125.1221355;125.1221355;125.1221355;125.1221355;125.1221355;125.1221355;125.1221355;125.1221355;125.1221355;125.1221355;125.1221355;216.04428;217.7237692;220.3803897;223.7368752;225.7073528;226.3957386;226.5899003;226.6412064;226.6545265;226.6579687;226.6588571;500.5690975;497.0414657;487.2645194;475.1282453;468.1159678;465.6858546;465.0022699;464.8217716;464.7749201;464.7628132;464.7596883;497.6086192;493.567329;483.8172624;471.6716832;464.6314405;462.1876329;461.4998181;461.318175;461.2710244;461.2588402;461.2556953;23.585;23.585;23.585;23.585;23.585;23.585;23.585;23.585;23.585;23.585;23.585;134.3747936;134.3747936;134.3747936;134.3747936;134.3747936;134.3747936;134.3747936;134.3747936;134.3747936;134.3747936;134.3747936;95.391;95.391;95.391;95.391;95.391;95.391;95.391;95.391;95.391;95.391;95.391;65.101;65.101;65.101;65.101;65.101;65.101;65.101;65.101;65.101;65.101;65.101;21.276;21.276;21.276;21.276;21.276;21.276;21.276;21.276;21.276;21.276;21.276;127.1465457;122.9808489;113.0339955;100.6397878;93.45358373;90.95878458;90.25658741;90.07114387;90.02300668;90.01056742;90.00735671
11;0.5;12;0;0;1;1;0.300000012;0;0;0;0;0;0;0;0;0;0;0;0;0;29.33778;31.24487261;34.67198722;38.59981317;40.44608277;40.96242776;41.08366649;41.11090969;41.11697022;41.11831543;41.11861387;34.867;34.867;34.867;34.867;34.867;34.867;34.867;34.867;34.867;34.867;34.867;2.583;2.583;2.583;2.583;2.583;2.583;2.583;2.583;2.583;2.583;2.583;0;0;0;0;0;0;0;0;0;0;0;0;0;0;0;0;0;0;0;0;0;0;0;0;0;0;0;0;0;0;0;0;0;46.493;46.493;46.493;46.493;46.493;46.493;46.493;46.493;46.493;46.493;46.493;3.504;3.504;3.504;3.504;3.504;3.504;3.504;3.504;3.504;3.504;3.504;95.433;95.433;95.433;95.433;95.433;95.433;95.433;95.433;95.433;95.433;95.433;98.937;98.937;98.937;98.937;98.937;98.937;98.937;98.937;98.937;98.937;98.937;30.73428;30.87554612;31.12940646;31.42035653;31.55711724;31.59536502;31.60434567;31.60636368;31.60681261;31.60691225;31.60693436;0;0;0;0;0;0;0;0;0;0;0;14.731;14.731;14.731;14.731;14.731;14.731;14.731;14.731;14.731;14.731;14.731;16.00328;16.14454612;16.39840646;16.68935653;16.82611724;16.86436502;16.87334567;16.87536368;16.87581261;16.87591225;16.87593436;3.4105;3.4105;3.4105;3.4105;3.4105;3.4105;3.4105;3.4105;3.4105;3.4105;3.4105;2.501;2.501;2.501;2.501;2.501;2.501;2.501;2.501;2.501;2.501;2.501;180.795;180.795;180.795;180.795;180.795;180.795;180.795;180.795;180.795;180.795;180.795;10.48020357;10.48020357;10.48020357;10.48020357;10.48020357;10.48020357;10.48020357;10.48020357;10.48020357;10.48020357;10.48020357;61.40665812;61.40665812;61.40665812;61.40665812;61.40665812;61.40665812;61.40665812;61.40665812;61.40665812;61.40665812;61.40665812;62.837;62.837;62.837;62.837;62.837;62.837;62.837;62.837;62.837;62.837;62.837;48.32945455;48.32945455;48.32945455;48.32945455;48.32945455;48.32945455;48.32945455;48.32945455;48.32945455;48.32945455;48.32945455;0.636863595;1.896985636;5.104475513;8.718662846;10.39465236;10.86075902;10.97003589;10.99458249;11.00004271;11.00125465;11.00152352;0.069;0.069;0.069;0.069;0.069;0.069;0.069;0.069;0.069;0.069;0.069;121.8396821;115.5390719;99.5016228;81.4306864;73.05073894;70.72020571;70.17382136;70.05108835;70.02378726;70.01772756;70.01638322;105.8066821;99.50607195;83.4686228;65.3976864;57.01773894;54.68720571;54.14082136;54.01808835;53.99078726;53.98472756;53.98338322;125.1221355;125.1221355;125.1221355;125.1221355;125.1221355;125.1221355;125.1221355;125.1221355;125.1221355;125.1221355;125.1221355;216.04428;217.9513726;221.3784872;225.3063132;227.1525828;227.6689278;227.7901665;227.8174097;227.8234702;227.8248154;227.8251139;500.5690975;496.17558;483.5652455;469.422135;462.8884572;461.0742689;460.6491233;460.5536335;460.5323929;460.5276785;460.5266325;497.6086192;492.7093973;480.1332984;465.9674994;459.4003021;457.5741233;457.1459965;457.0498281;457.0284362;457.023688;457.0226347;23.585;23.585;23.585;23.585;23.585;23.585;23.585;23.585;23.585;23.585;23.585;134.3747936;134.3747936;134.3747936;134.3747936;134.3747936;134.3747936;134.3747936;134.3747936;134.3747936;134.3747936;134.3747936;95.391;95.391;95.391;95.391;95.391;95.391;95.391;95.391;95.391;95.391;95.391;65.101;65.101;65.101;65.101;65.101;65.101;65.101;65.101;65.101;65.101;65.101;21.276;21.276;21.276;21.276;21.276;21.276;21.276;21.276;21.276;21.276;21.276;127.1465457;122.1060576;109.2760983;94.81934925;88.1153913;86.25096473;85.81385725;85.71567084;85.69382997;85.68898221;85.68790673
12;0.55;12;0;0;1;1;0.300000012;0;0;0;0;0;0;0;0;0;0;0;0;0;29.33778;31.5034201;35.82255634;40.19583823;41.82536035;42.19449704;42.26742587;42.28142814;42.28410167;42.2846116;42.28470885;34.867;34.867;34.867;34.867;34.867;34.867;34.867;34.867;34.867;34.867;34.867;2.583;2.583;2.583;2.583;2.583;2.583;2.583;2.583;2.583;2.583;2.583;0;0;0;0;0;0;0;0;0;0;0;0;0;0;0;0;0;0;0;0;0;0;0;0;0;0;0;0;0;0;0;0;0;46.493;46.493;46.493;46.493;46.493;46.493;46.493;46.493;46.493;46.493;46.493;3.504;3.504;3.504;3.504;3.504;3.504;3.504;3.504;3.504;3.504;3.504;95.433;95.433;95.433;95.433;95.433;95.433;95.433;95.433;95.433;95.433;95.433;98.937;98.937;98.937;98.937;98.937;98.937;98.937;98.937;98.937;98.937;98.937;30.73428;30.89469779;31.2146338;31.53858061;31.65928595;31.68662941;31.69203155;31.69306875;31.69326679;31.69330456;31.69331177;0;0;0;0;0;0;0;0;0;0;0;14.731;14.731;14.731;14.731;14.731;14.731;14.731;14.731;14.731;14.731;14.731;16.00328;16.16369779;16.4836338;16.80758061;16.92828595;16.95562941;16.96103155;16.96206875;16.96226679;16.96230456;16.96231177;3.4105;3.4105;3.4105;3.4105;3.4105;3.4105;3.4105;3.4105;3.4105;3.4105;3.4105;2.501;2.501;2.501;2.501;2.501;2.501;2.501;2.501;2.501;2.501;2.501;180.795;180.795;180.795;180.795;180.795;180.795;180.795;180.795;180.795;180.795;180.795;10.48020357;10.48020357;10.48020357;10.48020357;10.48020357;10.48020357;10.48020357;10.48020357;10.48020357;10.48020357;10.48020357;61.40665812;61.40665812;61.40665812;61.40665812;61.40665812;61.40665812;61.40665812;61.40665812;61.40665812;61.40665812;61.40665812;62.837;62.837;62.837;62.837;62.837;62.837;62.837;62.837;62.837;62.837;62.837;48.32945455;48.32945455;48.32945455;48.32945455;48.32945455;48.32945455;48.32945455;48.32945455;48.32945455;48.32945455;48.32945455;0.636863595;2.145832459;6.185926707;10.19518441;11.66809628;12.0001735;12.06571148;12.0782921;12.08069409;12.08115223;12.08123959;0.069;0.069;0.069;0.069;0.069;0.069;0.069;0.069;0.069;0.069;0.069;121.8396821;114.2948379;94.09436691;74.04807871;66.68351943;65.0231334;64.69544349;64.6325404;64.62053042;64.61823974;64.61780292;105.8066821;98.26183785;78.06136691;58.01507871;50.65051943;48.9901334;48.66244349;48.5995404;48.58753042;48.58523974;48.58480292;125.1221355;125.1221355;125.1221355;125.1221355;125.1221355;125.1221355;125.1221355;125.1221355;125.1221355;125.1221355;125.1221355;216.04428;218.2099201;222.5290563;226.9023382;228.5318604;228.900997;228.9739259;228.9879281;228.9906017;228.9911116;228.9912088;500.5690975;495.1898934;479.3085587;463.6355524;457.9005152;456.6092659;456.3545048;456.305604;456.2962676;456.2944868;456.2941472;497.6086192;491.7331617;475.892721;460.1796373;454.4086952;453.1077299;452.8509801;452.8016948;452.7922849;452.7904901;452.7901479;23.585;23.585;23.585;23.585;23.585;23.585;23.585;23.585;23.585;23.585;23.585;134.3747936;134.3747936;134.3747936;134.3747936;134.3747936;134.3747936;134.3747936;134.3747936;134.3747936;134.3747936;134.3747936;95.391;95.391;95.391;95.391;95.391;95.391;95.391;95.391;95.391;95.391;95.391;65.101;65.101;65.101;65.101;65.101;65.101;65.101;65.101;65.101;65.101;65.101;21.276;21.276;21.276;21.276;21.276;21.276;21.276;21.276;21.276;21.276;21.276;127.1465457;121.1106703;104.9502936;88.91326311;83.02161572;81.69330689;81.43115497;81.3808325;81.37122452;81.36939197;81.36904251
13;0.6;12;0;0;1;1;0.300000012;0;0;0;0;0;0;0;0;0;0;0;0;0;29.33778;31.79653839;37.11968995;41.77467667;43.14515454;43.39973335;43.44237464;43.44938876;43.45053906;43.45072761;43.45075852;34.867;34.867;34.867;34.867;34.867;34.867;34.867;34.867;34.867;34.867;34.867;2.583;2.583;2.583;2.583;2.583;2.583;2.583;2.583;2.583;2.583;2.583;0;0;0;0;0;0;0;0;0;0;0;0;0;0;0;0;0;0;0;0;0;0;0;0;0;0;0;0;0;0;0;0;0;46.493;46.493;46.493;46.493;46.493;46.493;46.493;46.493;46.493;46.493;46.493;3.504;3.504;3.504;3.504;3.504;3.504;3.504;3.504;3.504;3.504;3.504;95.433;95.433;95.433;95.433;95.433;95.433;95.433;95.433;95.433;95.433;95.433;98.937;98.937;98.937;98.937;98.937;98.937;98.937;98.937;98.937;98.937;98.937;30.73428;30.91641025;31.31071777;31.65553161;31.75704848;31.77590617;31.77906479;31.77958435;31.77966956;31.77968353;31.77968582;0;0;0;0;0;0;0;0;0;0;0;14.731;14.731;14.731;14.731;14.731;14.731;14.731;14.731;14.731;14.731;14.731;16.00328;16.18541025;16.57971777;16.92453161;17.02604848;17.04490617;17.04806479;17.04858435;17.04866956;17.04868353;17.04868582;3.4105;3.4105;3.4105;3.4105;3.4105;3.4105;3.4105;3.4105;3.4105;3.4105;3.4105;2.501;2.501;2.501;2.501;2.501;2.501;2.501;2.501;2.501;2.501;2.501;180.795;180.795;180.795;180.795;180.795;180.795;180.795;180.795;180.795;180.795;180.795;10.48020357;10.48020357;10.48020357;10.48020357;10.48020357;10.48020357;10.48020357;10.48020357;10.48020357;10.48020357;10.48020357;61.40665812;61.40665812;61.40665812;61.40665812;61.40665812;61.40665812;61.40665812;61.40665812;61.40665812;61.40665812;61.40665812;62.837;62.837;62.837;62.837;62.837;62.837;62.837;62.837;62.837;62.837;62.837;48.32945455;48.32945455;48.32945455;48.32945455;48.32945455;48.32945455;48.32945455;48.32945455;48.32945455;48.32945455;48.32945455;0.636863595;2.428387811;7.402789209;11.65324279;12.88691584;13.11519441;13.15340328;13.15968756;13.16071815;13.16088708;13.16091477;0.069;0.069;0.069;0.069;0.069;0.069;0.069;0.069;0.069;0.069;0.069;121.8396821;112.8820611;88.01005449;66.75778689;60.58942172;59.44802894;59.25698454;59.22556318;59.22041023;59.21956558;59.21942714;105.8066821;96.84906111;71.97705449;50.72478689;44.55642172;43.41502894;43.22398454;43.19256318;43.18741023;43.18656558;43.18642714;125.1221355;125.1221355;125.1221355;125.1221355;125.1221355;125.1221355;125.1221355;125.1221355;125.1221355;125.1221355;125.1221355;216.04428;218.5030384;223.8261899;228.4811767;229.8516545;230.1062333;230.1488746;230.1558888;230.1570391;230.1572276;230.1572585;500.5690975;494.070235;474.5213799;457.924099;453.1262117;452.2393977;452.0909946;452.0665874;452.0625848;452.0619287;452.0618211;497.6086192;490.6246528;471.1213551;454.4643549;449.6311796;448.7369231;448.5872462;448.5626287;448.5585915;448.5579298;448.5578213;23.585;23.585;23.585;23.585;23.585;23.585;23.585;23.585;23.585;23.585;23.585;134.3747936;134.3747936;134.3747936;134.3747936;134.3747936;134.3747936;134.3747936;134.3747936;134.3747936;134.3747936;134.3747936;95.391;95.391;95.391;95.391;95.391;95.391;95.391;95.391;95.391;95.391;95.391;65.101;65.101;65.101;65.101;65.101;65.101;65.101;65.101;65.101;65.101;65.101;21.276;21.276;21.276;21.276;21.276;21.276;21.276;21.276;21.276;21.276;21.276;127.1465457;119.9804489;100.0828437;83.08102968;78.14633757;77.23322334;77.08038783;77.05525073;77.05112838;77.05045266;77.0503419
14;0.65;12;0;0;1;1;0.300000012;0;0;0;0;0;0;0;0;0;0;0;0;0;29.33778;32.12813241;38.54897595;43.30855031;44.4175869;44.58841202;44.61279244;44.61623311;44.6167179;44.6167862;44.61679581;34.867;34.867;34.867;34.867;34.867;34.867;34.867;34.867;34.867;34.867;34.867;2.583;2.583;2.583;2.583;2.583;2.583;2.583;2.583;2.583;2.583;2.583;0;0;0;0;0;0;0;0;0;0;0;0;0;0;0;0;0;0;0;0;0;0;0;0;0;0;0;0;0;0;0;0;0;46.493;46.493;46.493;46.493;46.493;46.493;46.493;46.493;46.493;46.493;46.493;3.504;3.504;3.504;3.504;3.504;3.504;3.504;3.504;3.504;3.504;3.504;95.433;95.433;95.433;95.433;95.433;95.433;95.433;95.433;95.433;95.433;95.433;98.937;98.937;98.937;98.937;98.937;98.937;98.937;98.937;98.937;98.937;98.937;30.73428;30.94097277;31.41659081;31.76915187;31.85130273;31.86395645;31.8657624;31.86601727;31.86605318;31.86605824;31.86605895;0;0;0;0;0;0;0;0;0;0;0;14.731;14.731;14.731;14.731;14.731;14.731;14.731;14.731;14.731;14.731;14.731;16.00328;16.20997277;16.68559081;17.03815187;17.12030273;17.13295645;17.1347624;17.13501727;17.13505318;17.13505824;17.13505895;3.4105;3.4105;3.4105;3.4105;3.4105;3.4105;3.4105;3.4105;3.4105;3.4105;3.4105;2.501;2.501;2.501;2.501;2.501;2.501;2.501;2.501;2.501;2.501;2.501;180.795;180.795;180.795;180.795;180.795;180.795;180.795;180.795;180.795;180.795;180.795;10.48020357;10.48020357;10.48020357;10.48020357;10.48020357;10.48020357;10.48020357;10.48020357;10.48020357;10.48020357;10.48020357;61.40665812;61.40665812;61.40665812;61.40665812;61.40665812;61.40665812;61.40665812;61.40665812;61.40665812;61.40665812;61.40665812;62.837;62.837;62.837;62.837;62.837;62.837;62.837;62.837;62.837;62.837;62.837;48.32945455;48.32945455;48.32945455;48.32945455;48.32945455;48.32945455;48.32945455;48.32945455;48.32945455;48.32945455;48.32945455;0.636863595;2.748478307;8.740466463;13.06808599;14.06251522;14.21521825;14.23700204;14.24007607;14.24050919;14.24057021;14.2405788;0.069;0.069;0.069;0.069;0.069;0.069;0.069;0.069;0.069;0.069;0.069;121.8396821;111.2816087;81.32166832;59.68357101;54.71142491;53.94790979;53.83899082;53.82362071;53.82145508;53.82115002;53.82110705;105.8066821;95.24860866;65.28866832;43.65057101;38.67842491;37.91490979;37.80599082;37.79062071;37.78845508;37.78815002;37.78810705;125.1221355;125.1221355;125.1221355;125.1221355;125.1221355;125.1221355;125.1221355;125.1221355;125.1221355;125.1221355;125.1221355;216.04428;218.8346324;225.2554759;230.0150503;231.1240869;231.294912;231.3192924;231.3227331;231.3232179;231.3232862;231.3232958;500.5690975;492.8013765;469.2622797;452.3837568;448.5206473;447.9279573;447.8434187;447.8314893;447.8298085;447.8295717;447.8295383;497.6086192;489.3688533;465.8765192;448.9186025;445.0230365;444.4248781;444.3395489;444.3275076;444.325811;444.325572;444.3255384;23.585;23.585;23.585;23.585;23.585;23.585;23.585;23.585;23.585;23.585;23.585;134.3747936;134.3747936;134.3747936;134.3747936;134.3747936;134.3747936;134.3747936;134.3747936;134.3747936;134.3747936;134.3747936;95.391;95.391;95.391;95.391;95.391;95.391;95.391;95.391;95.391;95.391;95.391;65.101;65.101;65.101;65.101;65.101;65.101;65.101;65.101;65.101;65.101;65.101;21.276;21.276;21.276;21.276;21.276;21.276;21.276;21.276;21.276;21.276;21.276;127.1465457;118.700087;94.73213478;77.421657;73.44394014;72.83312804;72.74599287;72.73369677;72.73196428;72.73172022;72.73168585
15;0.7;12;0;0;1;1;0.300000012;0;0;0;0;0;0;0;0;0;0;0;0;0;29.33778;32.5023687;40.08841339;44.78467529;45.65505847;45.76725526;45.78094329;45.78260178;45.78280256;45.78282686;45.7828298;34.867;34.867;34.867;34.867;34.867;34.867;34.867;34.867;34.867;34.867;34.867;2.583;2.583;2.583;2.583;2.583;2.583;2.583;2.583;2.583;2.583;2.583;0;0;0;0;0;0;0;0;0;0;0;0;0;0;0;0;0;0;0;0;0;0;0;0;0;0;0;0;0;0;0;0;0;46.493;46.493;46.493;46.493;46.493;46.493;46.493;46.493;46.493;46.493;46.493;3.504;3.504;3.504;3.504;3.504;3.504;3.504;3.504;3.504;3.504;3.504;95.433;95.433;95.433;95.433;95.433;95.433;95.433;95.433;95.433;95.433;95.433;98.937;98.937;98.937;98.937;98.937;98.937;98.937;98.937;98.937;98.937;98.937;30.73428;30.96869398;31.53062321;31.87849447;31.94296729;31.95127817;31.9522921;31.95241495;31.95242982;31.95243162;31.95243184;0;0;0;0;0;0;0;0;0;0;0;14.731;14.731;14.731;14.731;14.731;14.731;14.731;14.731;14.731;14.731;14.731;16.00328;16.23769398;16.79962321;17.14749447;17.21196729;17.22027817;17.2212921;17.22141495;17.22142982;17.22143162;17.22143184;3.4105;3.4105;3.4105;3.4105;3.4105;3.4105;3.4105;3.4105;3.4105;3.4105;3.4105;2.501;2.501;2.501;2.501;2.501;2.501;2.501;2.501;2.501;2.501;2.501;180.795;180.795;180.795;180.795;180.795;180.795;180.795;180.795;180.795;180.795;180.795;10.48020357;10.48020357;10.48020357;10.48020357;10.48020357;10.48020357;10.48020357;10.48020357;10.48020357;10.48020357;10.48020357;61.40665812;61.40665812;61.40665812;61.40665812;61.40665812;61.40665812;61.40665812;61.40665812;61.40665812;61.40665812;61.40665812;62.837;62.837;62.837;62.837;62.837;62.837;62.837;62.837;62.837;62.837;62.837;48.32945455;48.32945455;48.32945455;48.32945455;48.32945455;48.32945455;48.32945455;48.32945455;48.32945455;48.32945455;48.32945455;0.636863595;3.110177461;10.17738319;14.42881997;15.20637003;15.30636358;15.31855911;15.32003671;15.32021559;15.32023724;15.32023986;0.069;0.069;0.069;0.069;0.069;0.069;0.069;0.069;0.069;0.069;0.069;121.8396821;109.4731129;74.13708479;52.87990122;48.99215096;48.49218323;48.43120555;48.42381758;48.42292318;48.42281491;48.4228018;105.8066821;93.44011291;58.10408479;36.84690122;32.95915096;32.45918323;32.39820555;32.39081758;32.38992318;32.38981491;32.3898018;125.1221355;125.1221355;125.1221355;125.1221355;125.1221355;125.1221355;125.1221355;125.1221355;125.1221355;125.1221355;125.1221355;216.04428;219.2088687;226.7949134;231.4911753;232.3615585;232.4737553;232.4874433;232.4891018;232.4893026;232.4893269;232.4893298;500.5690975;491.3671171;463.6171336;447.056212;444.0388449;443.651074;443.6037843;443.5980548;443.5973612;443.5972772;443.5972671;497.6086192;487.9497779;460.2428848;443.5850092;440.5392819;440.1476186;440.0998503;440.0940628;440.0933622;440.0932774;440.0932671;23.585;23.585;23.585;23.585;23.585;23.585;23.585;23.585;23.585;23.585;23.585;134.3747936;134.3747936;134.3747936;134.3747936;134.3747936;134.3747936;134.3747936;134.3747936;134.3747936;134.3747936;134.3747936;95.391;95.391;95.391;95.391;95.391;95.391;95.391;95.391;95.391;95.391;95.391;65.101;65.101;65.101;65.101;65.101;65.101;65.101;65.101;65.101;65.101;65.101;21.276;21.276;21.276;21.276;21.276;21.276;21.276;21.276;21.276;21.276;21.276;127.1465457;117.2532904;88.98446798;71.97872119;68.86852099;68.46854681;68.41976467;68.41385429;68.41313877;68.41305215;68.41304167
16;0.75;12;0;0;1;1;0.300000012;0;0;0;0;0;0;0;0;0;0;0;0;0;29.33778;32.92364683;41.71059906;46.20135349;46.86797918;46.940415;46.94798398;46.94877159;46.94885352;46.94886204;46.94886292;34.867;34.867;34.867;34.867;34.867;34.867;34.867;34.867;34.867;34.867;34.867;2.583;2.583;2.583;2.583;2.583;2.583;2.583;2.583;2.583;2.583;2.583;0;0;0;0;0;0;0;0;0;0;0;0;0;0;0;0;0;0;0;0;0;0;0;0;0;0;0;0;0;0;0;0;0;46.493;46.493;46.493;46.493;46.493;46.493;46.493;46.493;46.493;46.493;46.493;3.504;3.504;3.504;3.504;3.504;3.504;3.504;3.504;3.504;3.504;3.504;95.433;95.433;95.433;95.433;95.433;95.433;95.433;95.433;95.433;95.433;95.433;98.937;98.937;98.937;98.937;98.937;98.937;98.937;98.937;98.937;98.937;98.937;30.73428;30.99989976;31.65078512;31.98343359;32.03281327;32.03817889;32.03873955;32.0387979;32.03880396;32.0388046;32.03880466;0;0;0;0;0;0;0;0;0;0;0;14.731;14.731;14.731;14.731;14.731;14.731;14.731;14.731;14.731;14.731;14.731;16.00328;16.26889976;16.91978512;17.25243359;17.30181327;17.30717889;17.30773955;17.3077979;17.30780396;17.3078046;17.30780466;3.4105;3.4105;3.4105;3.4105;3.4105;3.4105;3.4105;3.4105;3.4105;3.4105;3.4105;2.501;2.501;2.501;2.501;2.501;2.501;2.501;2.501;2.501;2.501;2.501;180.795;180.795;180.795;180.795;180.795;180.795;180.795;180.795;180.795;180.795;180.795;10.48020357;10.48020357;10.48020357;10.48020357;10.48020357;10.48020357;10.48020357;10.48020357;10.48020357;10.48020357;10.48020357;61.40665812;61.40665812;61.40665812;61.40665812;61.40665812;61.40665812;61.40665812;61.40665812;61.40665812;61.40665812;61.40665812;62.837;62.837;62.837;62.837;62.837;62.837;62.837;62.837;62.837;62.837;62.837;48.32945455;48.32945455;48.32945455;48.32945455;48.32945455;48.32945455;48.32945455;48.32945455;48.32945455;48.32945455;48.32945455;0.636863595;3.517772713;11.68722532;15.73459399;16.32802689;16.39239464;16.39911927;16.39981901;16.39989179;16.39989936;16.39990015;0.069;0.069;0.069;0.069;0.069;0.069;0.069;0.069;0.069;0.069;0.069;121.8396821;107.4351367;66.58787428;46.3510312;43.38386675;43.06202801;43.02840485;43.02490615;43.02454224;43.02450439;43.02450046;105.8066821;91.40213668;50.55487428;30.3180312;27.35086675;27.02902801;26.99540485;26.99190615;26.99154224;26.99150439;26.99150046;125.1221355;125.1221355;125.1221355;125.1221355;125.1221355;125.1221355;125.1221355;125.1221355;125.1221355;125.1221355;125.1221355;216.04428;219.6301468;228.4170991;232.9078535;233.5744792;233.646915;233.654484;233.6552716;233.6553535;233.655362;233.6553629;500.5690975;489.750419;457.6901088;441.9440201;439.6434814;439.3940785;439.3680243;439.3653132;439.3650312;439.3650019;439.3649988;497.6086192;486.3506027;454.3236783;438.4668524;436.1425005;435.8903951;435.8640573;435.8613166;435.8610316;435.8610019;435.8609988;23.585;23.585;23.585;23.585;23.585;23.585;23.585;23.585;23.585;23.585;23.585;134.3747936;134.3747936;134.3747936;134.3747936;134.3747936;134.3747936;134.3747936;134.3747936;134.3747936;134.3747936;134.3747936;95.391;95.391;95.391;95.391;95.391;95.391;95.391;95.391;95.391;95.391;95.391;65.101;65.101;65.101;65.101;65.101;65.101;65.101;65.101;65.101;65.101;65.101;21.276;21.276;21.276;21.276;21.276;21.276;21.276;21.276;21.276;21.276;21.276;127.1465457;115.6229094;82.9450996;66.75562519;64.38189364;64.12442265;64.09752412;64.09472516;64.09443404;64.09440376;64.09440061
17;0.8;12;0;0;1;1;0.300000012;0;0;0;0;0;0;0;0;0;0;0;0;0;29.33778;33.39655669;43.38574361;47.56355431;48.06424823;48.1103588;48.11449034;48.11485961;48.11489261;48.11489555;48.11489582;34.867;34.867;34.867;34.867;34.867;34.867;34.867;34.867;34.867;34.867;34.867;2.583;2.583;2.583;2.583;2.583;2.583;2.583;2.583;2.583;2.583;2.583;0;0;0;0;0;0;0;0;0;0;0;0;0;0;0;0;0;0;0;0;0;0;0;0;0;0;0;0;0;0;0;0;0;46.493;46.493;46.493;46.493;46.493;46.493;46.493;46.493;46.493;46.493;46.493;3.504;3.504;3.504;3.504;3.504;3.504;3.504;3.504;3.504;3.504;3.504;95.433;95.433;95.433;95.433;95.433;95.433;95.433;95.433;95.433;95.433;95.433;98.937;98.937;98.937;98.937;98.937;98.937;98.937;98.937;98.937;98.937;98.937;30.73428;31.03493013;31.7748699;32.08433736;32.12142579;32.12484139;32.12514743;32.12517479;32.12517723;32.12517745;32.12517747;0;0;0;0;0;0;0;0;0;0;0;14.731;14.731;14.731;14.731;14.731;14.731;14.731;14.731;14.731;14.731;14.731;16.00328;16.30393013;17.0438699;17.35333736;17.39042579;17.39384139;17.39414743;17.39417479;17.39417723;17.39417745;17.39417747;3.4105;3.4105;3.4105;3.4105;3.4105;3.4105;3.4105;3.4105;3.4105;3.4105;3.4105;2.501;2.501;2.501;2.501;2.501;2.501;2.501;2.501;2.501;2.501;2.501;180.795;180.795;180.795;180.795;180.795;180.795;180.795;180.795;180.795;180.795;180.795;10.48020357;10.48020357;10.48020357;10.48020357;10.48020357;10.48020357;10.48020357;10.48020357;10.48020357;10.48020357;10.48020357;61.40665812;61.40665812;61.40665812;61.40665812;61.40665812;61.40665812;61.40665812;61.40665812;61.40665812;61.40665812;61.40665812;62.837;62.837;62.837;62.837;62.837;62.837;62.837;62.837;62.837;62.837;62.837;48.32945455;48.32945455;48.32945455;48.32945455;48.32945455;48.32945455;48.32945455;48.32945455;48.32945455;48.32945455;48.32945455;0.636863595;3.975717491;13.24189395;16.99045988;17.43468472;17.47554073;17.47920101;17.47952816;17.47955739;17.47956;17.47956023;0.069;0.069;0.069;0.069;0.069;0.069;0.069;0.069;0.069;0.069;0.069;121.8396821;105.1454128;58.81453121;40.07170186;37.8505777;37.64629765;37.62799623;37.62636051;37.62621434;37.62620128;37.62620011;105.8066821;89.11241283;42.78153121;24.03870186;21.8175777;21.61329765;21.59499623;21.59336051;21.59321434;21.59320128;21.59320011;125.1221355;125.1221355;125.1221355;125.1221355;125.1221355;125.1221355;125.1221355;125.1221355;125.1221355;125.1221355;125.1221355;216.04428;220.1030567;230.0922436;234.2700543;234.7707482;234.8168588;234.8209903;234.8213596;234.8213926;234.8213956;234.8213958;500.5690975;487.933605;451.5919103;437.0268916;435.3064614;435.1482919;435.134122;435.1328556;435.1327424;435.1327323;435.1327314;497.6086192;484.553854;448.2290886;433.5442927;431.8044818;431.6444734;431.6301383;431.628857;431.6287425;431.6287323;431.6287314;23.585;23.585;23.585;23.585;23.585;23.585;23.585;23.585;23.585;23.585;23.585;134.3747936;134.3747936;134.3747936;134.3747936;134.3747936;134.3747936;134.3747936;134.3747936;134.3747936;134.3747936;134.3747936;95.391;95.391;95.391;95.391;95.391;95.391;95.391;95.391;95.391;95.391;95.391;65.101;65.101;65.101;65.101;65.101;65.101;65.101;65.101;65.101;65.101;65.101;21.276;21.276;21.276;21.276;21.276;21.276;21.276;21.276;21.276;21.276;21.276;127.1465457;113.7911303;76.72642516;61.73216174;59.95526242;59.79183838;59.77719724;59.77588866;59.77577173;59.77576128;59.77576035
18;0.85;12;0;0;1;1;0.300000012;0;0;0;0;0;0;0;0;0;0;0;0;0;29.33778;33.92581985;45.08484233;48.87933355;49.24950612;49.27851311;49.28074323;49.28091443;49.28092757;49.28092858;49.28092866;34.867;34.867;34.867;34.867;34.867;34.867;34.867;34.867;34.867;34.867;34.867;2.583;2.583;2.583;2.583;2.583;2.583;2.583;2.583;2.583;2.583;2.583;0;0;0;0;0;0;0;0;0;0;0;0;0;0;0;0;0;0;0;0;0;0;0;0;0;0;0;0;0;0;0;0;0;46.493;46.493;46.493;46.493;46.493;46.493;46.493;46.493;46.493;46.493;46.493;3.504;3.504;3.504;3.504;3.504;3.504;3.504;3.504;3.504;3.504;3.504;95.433;95.433;95.433;95.433;95.433;95.433;95.433;95.433;95.433;95.433;95.433;98.937;98.937;98.937;98.937;98.937;98.937;98.937;98.937;98.937;98.937;98.937;30.73428;31.0741348;31.90072906;32.18180249;32.20922268;32.21137134;32.21153654;32.21154922;32.21155019;32.21155027;32.21155027;0;0;0;0;0;0;0;0;0;0;0;14.731;14.731;14.731;14.731;14.731;14.731;14.731;14.731;14.731;14.731;14.731;16.00328;16.3431348;17.16972906;17.45080249;17.47822268;17.48037134;17.48053654;17.48054922;17.48055019;17.48055027;17.48055027;3.4105;3.4105;3.4105;3.4105;3.4105;3.4105;3.4105;3.4105;3.4105;3.4105;3.4105;2.501;2.501;2.501;2.501;2.501;2.501;2.501;2.501;2.501;2.501;2.501;180.795;180.795;180.795;180.795;180.795;180.795;180.795;180.795;180.795;180.795;180.795;10.48020357;10.48020357;10.48020357;10.48020357;10.48020357;10.48020357;10.48020357;10.48020357;10.48020357;10.48020357;10.48020357;61.40665812;61.40665812;61.40665812;61.40665812;61.40665812;61.40665812;61.40665812;61.40665812;61.40665812;61.40665812;61.40665812;62.837;62.837;62.837;62.837;62.837;62.837;62.837;62.837;62.837;62.837;62.837;48.32945455;48.32945455;48.32945455;48.32945455;48.32945455;48.32945455;48.32945455;48.32945455;48.32945455;48.32945455;48.32945455;0.636863595;4.488566377;14.81450171;18.20409441;18.53145866;18.5570863;18.55905645;18.5592077;18.55921931;18.5592202;18.55922027;0.069;0.069;0.069;0.069;0.069;0.069;0.069;0.069;0.069;0.069;0.069;121.8396821;102.5811684;50.95149251;34.0035293;32.36670806;32.23856986;32.2287191;32.22796287;32.22790483;32.22790037;32.22790003;105.8066821;86.54816844;34.91849251;17.9705293;16.33370806;16.20556986;16.1957191;16.19496287;16.19490483;16.19490037;16.19490003;125.1221355;125.1221355;125.1221355;125.1221355;125.1221355;125.1221355;125.1221355;125.1221355;125.1221355;125.1221355;125.1221355;216.04428;220.6323198;231.7913423;235.5858335;235.9560061;235.9850131;235.9872432;235.9874144;235.9874276;235.9874286;235.9874287;500.5690975;485.8986237;445.4279703;432.2744983;431.0078496;430.9087184;430.9010978;430.9005128;430.9004679;430.9004644;430.9004641;497.6086192;482.5416632;442.0645169;428.7872198;427.505183;427.4048211;427.3971057;427.3965134;427.3964679;427.3964644;427.3964641;23.585;23.585;23.585;23.585;23.585;23.585;23.585;23.585;23.585;23.585;23.585;134.3747936;134.3747936;134.3747936;134.3747936;134.3747936;134.3747936;134.3747936;134.3747936;134.3747936;134.3747936;134.3747936;95.391;95.391;95.391;95.391;95.391;95.391;95.391;95.391;95.391;95.391;95.391;65.101;65.101;65.101;65.101;65.101;65.101;65.101;65.101;65.101;65.101;65.101;21.276;21.276;21.276;21.276;21.276;21.276;21.276;21.276;21.276;21.276;21.276;127.1465457;111.7397348;70.43599423;56.87762371;55.56816672;55.46565616;55.45777555;55.45717057;55.45712413;55.45712057;55.4571203
19;0.9;12;0;0;1;1;0.300000012;0;0;0;0;0;0;0;0;0;0;0;0;0;29.33778;34.51621304;46.78233766;50.15746328;50.42762175;50.4456853;50.44687734;50.44695593;50.44696111;50.44696145;50.44696148;34.867;34.867;34.867;34.867;34.867;34.867;34.867;34.867;34.867;34.867;34.867;2.583;2.583;2.583;2.583;2.583;2.583;2.583;2.583;2.583;2.583;2.583;0;0;0;0;0;0;0;0;0;0;0;0;0;0;0;0;0;0;0;0;0;0;0;0;0;0;0;0;0;0;0;0;0;46.493;46.493;46.493;46.493;46.493;46.493;46.493;46.493;46.493;46.493;46.493;3.504;3.504;3.504;3.504;3.504;3.504;3.504;3.504;3.504;3.504;3.504;95.433;95.433;95.433;95.433;95.433;95.433;95.433;95.433;95.433;95.433;95.433;98.937;98.937;98.937;98.937;98.937;98.937;98.937;98.937;98.937;98.937;98.937;30.73428;31.11786763;32.02646946;32.27647876;32.2964905;32.29782854;32.29791684;32.29792266;32.29792305;32.29792307;32.29792307;0;0;0;0;0;0;0;0;0;0;0;14.731;14.731;14.731;14.731;14.731;14.731;14.731;14.731;14.731;14.731;14.731;16.00328;16.38686763;17.29546946;17.54547876;17.5654905;17.56682854;17.56691684;17.56692266;17.56692305;17.56692307;17.56692307;3.4105;3.4105;3.4105;3.4105;3.4105;3.4105;3.4105;3.4105;3.4105;3.4105;3.4105;2.501;2.501;2.501;2.501;2.501;2.501;2.501;2.501;2.501;2.501;2.501;180.795;180.795;180.795;180.795;180.795;180.795;180.795;180.795;180.795;180.795;180.795;10.48020357;10.48020357;10.48020357;10.48020357;10.48020357;10.48020357;10.48020357;10.48020357;10.48020357;10.48020357;10.48020357;61.40665812;61.40665812;61.40665812;61.40665812;61.40665812;61.40665812;61.40665812;61.40665812;61.40665812;61.40665812;61.40665812;62.837;62.837;62.837;62.837;62.837;62.837;62.837;62.837;62.837;62.837;62.837;48.32945455;48.32945455;48.32945455;48.32945455;48.32945455;48.32945455;48.32945455;48.32945455;48.32945455;48.32945455;48.32945455;0.636863595;5.060891924;16.38179001;19.3836738;19.62184262;19.63775607;19.63880617;19.6388754;19.63887997;19.63888027;19.63888029;0.069;0.069;0.069;0.069;0.069;0.069;0.069;0.069;0.069;0.069;0.069;121.8396821;99.71954074;43.11505114;28.10563241;26.91478834;26.83522112;26.82997062;26.82962443;26.82960161;26.82960011;26.82960001;105.8066821;83.68654074;27.08205114;12.07263241;10.88178834;10.80222112;10.79697062;10.79662443;10.79660161;10.79660011;10.79660001;125.1221355;125.1221355;125.1221355;125.1221355;125.1221355;125.1221355;125.1221355;125.1221355;125.1221355;125.1221355;125.1221355;216.04428;221.222713;233.4888377;236.8639633;237.1341218;237.1521853;237.1533773;237.1534559;237.1534611;237.1534615;237.1534615;500.5690975;483.6273892;439.2890243;427.6547311;426.7340456;426.6725419;426.6684834;426.6682158;426.6681982;426.668197;426.6681969;497.6086192;480.2960939;435.9211042;424.1635786;423.230915;423.1685993;423.1644872;423.1642161;423.1641982;423.164197;423.1641969;23.585;23.585;23.585;23.585;23.585;23.585;23.585;23.585;23.585;23.585;23.585;134.3747936;134.3747936;134.3747936;134.3747936;134.3747936;134.3747936;134.3747936;134.3747936;134.3747936;134.3747936;134.3747936;95.391;95.391;95.391;95.391;95.391;95.391;95.391;95.391;95.391;95.391;95.391;65.101;65.101;65.101;65.101;65.101;65.101;65.101;65.101;65.101;65.101;65.101;21.276;21.276;21.276;21.276;21.276;21.276;21.276;21.276;21.276;21.276;21.276;127.1465457;109.4504327;64.16684115;52.15930621;51.20663096;51.14297719;51.13877679;51.13849984;51.13848158;51.13848037;51.1384803
20;0.95;12;0;0;1;1;0.300000012;0;0;0;0;0;0;0;0;0;0;0;0;0;29.33778;35.17247309;48.45784185;51.40611623;51.60117462;51.6123247;51.61295638;51.61299215;51.61299417;51.61299429;51.6129943;34.867;34.867;34.867;34.867;34.867;34.867;34.867;34.867;34.867;34.867;34.867;2.583;2.583;2.583;2.583;2.583;2.583;2.583;2.583;2.583;2.583;2.583;0;0;0;0;0;0;0;0;0;0;0;0;0;0;0;0;0;0;0;0;0;0;0;0;0;0;0;0;0;0;0;0;0;46.493;46.493;46.493;46.493;46.493;46.493;46.493;46.493;46.493;46.493;46.493;3.504;3.504;3.504;3.504;3.504;3.504;3.504;3.504;3.504;3.504;3.504;95.433;95.433;95.433;95.433;95.433;95.433;95.433;95.433;95.433;95.433;95.433;98.937;98.937;98.937;98.937;98.937;98.937;98.937;98.937;98.937;98.937;98.937;30.73428;31.16647949;32.15058088;32.36897157;32.38342034;32.38424627;32.38429307;32.38429571;32.38429586;32.38429587;32.38429587;0;0;0;0;0;0;0;0;0;0;0;14.731;14.731;14.731;14.731;14.731;14.731;14.731;14.731;14.731;14.731;14.731;16.00328;16.43547949;17.41958088;17.63797157;17.65242034;17.65324627;17.65329307;17.65329571;17.65329586;17.65329587;17.65329587;3.4105;3.4105;3.4105;3.4105;3.4105;3.4105;3.4105;3.4105;3.4105;3.4105;3.4105;2.501;2.501;2.501;2.501;2.501;2.501;2.501;2.501;2.501;2.501;2.501;180.795;180.795;180.795;180.795;180.795;180.795;180.795;180.795;180.795;180.795;180.795;10.48020357;10.48020357;10.48020357;10.48020357;10.48020357;10.48020357;10.48020357;10.48020357;10.48020357;10.48020357;10.48020357;61.40665812;61.40665812;61.40665812;61.40665812;61.40665812;61.40665812;61.40665812;61.40665812;61.40665812;61.40665812;61.40665812;62.837;62.837;62.837;62.837;62.837;62.837;62.837;62.837;62.837;62.837;62.837;48.32945455;48.32945455;48.32945455;48.32945455;48.32945455;48.32945455;48.32945455;48.32945455;48.32945455;48.32945455;48.32945455;0.636863595;5.697182434;17.92559728;20.5367213;20.7081573;20.71795212;20.718507;20.71853842;20.7185402;20.7185403;20.71854031;0.069;0.069;0.069;0.069;0.069;0.069;0.069;0.069;0.069;0.069;0.069;121.8396821;96.53808824;35.39601492;22.34039501;21.48321505;21.43424094;21.43146653;21.43130943;21.43130053;21.43130003;21.4313;105.8066821;80.50508824;19.36301492;6.307395008;5.450215048;5.401240941;5.398466525;5.398309429;5.398300534;5.39830003;5.398300002;125.1221355;125.1221355;125.1221355;125.1221355;125.1221355;125.1221355;125.1221355;125.1221355;125.1221355;125.1221355;125.1221355;216.04428;221.8789731;235.1643419;238.1126162;238.3076746;238.3188247;238.3194564;238.3194921;238.3194942;238.3194943;238.3194943;500.5690975;481.1021968;433.2454922;423.1381467;422.4760251;422.4382011;422.4360584;422.435937;422.4359302;422.4359298;422.4359298;497.6086192;477.7995437;429.8699867;419.6438815;418.9725863;418.9342329;418.9320602;418.9319371;418.9319302;418.9319298;418.9319298;23.585;23.585;23.585;23.585;23.585;23.585;23.585;23.585;23.585;23.585;23.585;134.3747936;134.3747936;134.3747936;134.3747936;134.3747936;134.3747936;134.3747936;134.3747936;134.3747936;134.3747936;134.3747936;95.391;95.391;95.391;95.391;95.391;95.391;95.391;95.391;95.391;95.391;95.391;65.101;65.101;65.101;65.101;65.101;65.101;65.101;65.101;65.101;65.101;65.101;21.276;21.276;21.276;21.276;21.276;21.276;21.276;21.276;21.276;21.276;21.276;127.1465457;106.9052707;57.9916122;47.54711631;46.86137234;46.82219306;46.81997353;46.81984785;46.81984073;46.81984033;46.81984031
21;1;12;0;0;1;1;0.300000012;0;0;0;0;0;0;0;0;0;0;0;0;0;29.33778;35.89918308;50.09680825;52.63228486;52.7718485;52.77867797;52.77901014;52.77902629;52.77902707;52.77902711;52.77902711;34.867;34.867;34.867;34.867;34.867;34.867;34.867;34.867;34.867;34.867;34.867;2.583;2.583;2.583;2.583;2.583;2.583;2.583;2.583;2.583;2.583;2.583;0;0;0;0;0;0;0;0;0;0;0;0;0;0;0;0;0;0;0;0;0;0;0;0;0;0;0;0;0;0;0;0;0;46.493;46.493;46.493;46.493;46.493;46.493;46.493;46.493;46.493;46.493;46.493;3.504;3.504;3.504;3.504;3.504;3.504;3.504;3.504;3.504;3.504;3.504;95.433;95.433;95.433;95.433;95.433;95.433;95.433;95.433;95.433;95.433;95.433;98.937;98.937;98.937;98.937;98.937;98.937;98.937;98.937;98.937;98.937;98.937;30.73428;31.22030986;32.2719858;32.45979888;32.47013693;32.47064281;32.47066742;32.47066861;32.47066867;32.47066867;32.47066868;0;0;0;0;0;0;0;0;0;0;0;14.731;14.731;14.731;14.731;14.731;14.731;14.731;14.731;14.731;14.731;14.731;16.00328;16.48930986;17.5409858;17.72879888;17.73913693;17.73964281;17.73966742;17.73966861;17.73966867;17.73966867;17.73966868;3.4105;3.4105;3.4105;3.4105;3.4105;3.4105;3.4105;3.4105;3.4105;3.4105;3.4105;2.501;2.501;2.501;2.501;2.501;2.501;2.501;2.501;2.501;2.501;2.501;180.795;180.795;180.795;180.795;180.795;180.795;180.795;180.795;180.795;180.795;180.795;10.48020357;10.48020357;10.48020357;10.48020357;10.48020357;10.48020357;10.48020357;10.48020357;10.48020357;10.48020357;10.48020357;61.40665812;61.40665812;61.40665812;61.40665812;61.40665812;61.40665812;61.40665812;61.40665812;61.40665812;61.40665812;61.40665812;62.837;62.837;62.837;62.837;62.837;62.837;62.837;62.837;62.837;62.837;62.837;48.32945455;48.32945455;48.32945455;48.32945455;48.32945455;48.32945455;48.32945455;48.32945455;48.32945455;48.32945455;48.32945455;0.636863595;6.401721116;19.43332331;21.6696187;21.79191227;21.7978945;21.79818545;21.7981996;21.79820029;21.79820032;21.79820032;0.069;0.069;0.069;0.069;0.069;0.069;0.069;0.069;0.069;0.069;0.069;121.8396821;93.01539488;27.85738489;16.6759081;16.06444024;16.03452911;16.03307435;16.03300361;16.03300018;16.03300001;16.033;105.8066821;76.98239488;11.82438489;0.642908097;0.031440243;0.00152911;7.43E-05;3.61E-06;1.76E-07;8.55E-09;4.16E-10;125.1221355;125.1221355;125.1221355;125.1221355;125.1221355;125.1221355;125.1221355;125.1221355;125.1221355;125.1221355;125.1221355;216.04428;222.6056831;236.8033083;239.3387849;239.4783485;239.485178;239.4855101;239.4855263;239.4855271;239.4855271;239.4855271;500.5690975;478.3062134;427.3458286;418.6998284;418.2279242;418.2048425;418.2037199;418.2036654;418.2036627;418.2036626;418.2036626;497.6086192;475.0352194;423.9604876;415.2031193;414.724283;414.70086;414.6997208;414.6996654;414.6996627;414.6996626;414.6996626;23.585;23.585;23.585;23.585;23.585;23.585;23.585;23.585;23.585;23.585;23.585;134.3747936;134.3747936;134.3747936;134.3747936;134.3747936;134.3747936;134.3747936;134.3747936;134.3747936;134.3747936;134.3747936;95.391;95.391;95.391;95.391;95.391;95.391;95.391;95.391;95.391;95.391;95.391;65.101;65.101;65.101;65.101;65.101;65.101;65.101;65.101;65.101;65.101;65.101;21.276;21.276;21.276;21.276;21.276;21.276;21.276;21.276;21.276;21.276;21.276;127.1465457;104.087116;51.9607082;43.0155268;42.52635252;42.50242361;42.5012598;42.50120321;42.50120046;42.50120033;42.50120032
